,mid,dcateCd,scateCd,mcateCd,lcateCd,userOrderCnt,userFirstLastOrderPeriod,orderMeanPeriod,userRecentlyOrderPeriod,alpha,beta,lambda,prob,rcp,score
0,10017689,4104891,3100863,2100154,1100024,2,1,1.0,1,Infinity,Infinity,,,0.1139240506329114,
1,10019746,4103141,3100566,2100093,1100017,2,1,1.0,1,Infinity,Infinity,,,0.032085561497326213,
2,10023760,4104481,3100803,2100144,1100023,2,12,12.0,12,Infinity,Infinity,,,0.057142857142857134,
3,10048010,4105738,3101052,2100201,1100034,2,1,1.0,1,Infinity,Infinity,,,,
4,10095299,4105738,3101052,2100201,1100034,2,1,1.0,1,Infinity,Infinity,,,,
0,10118187,4103867,3100683,2100119,1100017,2,7,7.0,7,Infinity,Infinity,,,0.11494252873563217,
1,10132208,4102468,3100454,2100077,1100013,2,6,6.0,6,Infinity,Infinity,,,0.030303030303030307,
2,10188557,232040111,232040100,232040000,232000000,2,28,28.0,28,Infinity,Infinity,,,0.0967741935483871,
3,10190522,235040302,235040300,235040000,235000000,4,7,7.0,7,Infinity,Infinity,,,0.2608695652173913,
4,10201199,4105738,3101052,2100201,1100034,4,1,1.0,1,Infinity,Infinity,,,,
0,10213742,4105740,3101054,2100202,1100035,2,1,1.0,1,Infinity,Infinity,,,0.11363636363636365,
1,10231614,4103416,3100614,2100098,1100018,2,16,16.0,16,Infinity,Infinity,,,0.08888888888888889,
2,10237591,4102788,3100500,2100081,1100014,2,31,31.0,31,Infinity,Infinity,,,0.18181818181818185,
3,1024084,4102319,3100423,2100070,1100013,3,4,4.0,4,Infinity,Infinity,,,0.13513513513513514,
4,1026853,232063601,232063600,232060000,232000000,2,15,15.0,15,Infinity,Infinity,,,0.14285714285714285,
0,10293497,4103666,3100647,2100108,1100019,2,51,51.0,51,Infinity,Infinity,,,0.02564102564102564,
1,10307533,4101624,3100308,2100047,1100009,3,35,35.0,35,Infinity,Infinity,,,0.16279069767441862,
2,10308987,4105134,3100906,2100171,1100027,2,2,2.0,2,Infinity,Infinity,,,0.02666666666666667,
3,10331407,4104684,3100836,2100151,1100024,3,7,7.0,7,Infinity,Infinity,,,0.0480349344978166,
0,10337967,4105738,3101052,2100201,1100034,2,1,1.0,1,Infinity,Infinity,,,,
1,10462818,4102693,3100489,2100084,1100014,2,7,7.0,7,Infinity,Infinity,,,0.059701492537313425,
2,10481533,4105738,3101052,2100201,1100034,2,1,1.0,1,Infinity,Infinity,,,,
3,10507275,4101707,3100325,2100051,1100010,2,23,23.0,23,Infinity,Infinity,,,0.060606060606060615,
4,10550536,4100114,3100018,2100005,1100000,2,1,1.0,1,Infinity,Infinity,,,0.016666666666666666,
0,1057542,4100277,3100048,2100008,1100001,2,3,3.0,3,Infinity,Infinity,,,0.04672897196261682,
1,1062030,4103863,3100683,2100119,1100017,3,6,6.0,6,Infinity,Infinity,,,0.3,
2,10669752,4105738,3101052,2100201,1100034,5,1,1.0,1,Infinity,Infinity,,,,
3,10704791,4101956,3100370,2100062,1100011,3,4,4.0,4,Infinity,Infinity,,,0.07692307692307693,
4,10727628,4102588,3100474,2100078,1100013,2,1,1.0,1,Infinity,Infinity,,,0.02479338842975207,
0,10752156,4104135,3100728,2100125,1100020,2,8,8.0,8,Infinity,Infinity,,,,
1,10772143,4105746,3101058,2100202,1100035,2,2,2.0,2,Infinity,Infinity,,,0.16666666666666666,
2,1083945,4103177,3100573,2100094,1100017,2,4,4.0,4,Infinity,Infinity,,,0.020202020202020204,
3,10881981,4104877,3100862,2100154,1100024,2,1,1.0,1,Infinity,Infinity,,,0.06521739130434782,
0,10888666,4100406,3100071,2100009,1100002,3,1,1.0,1,Infinity,Infinity,,,0.04291845493562232,
1,10907226,4102509,3100462,2100077,1100013,2,2,2.0,2,Infinity,Infinity,,,0.07758620689655173,
2,10965650,4100583,3100113,2100011,1100002,2,15,15.0,15,Infinity,Infinity,,,0.02962962962962963,
3,10983871,235060403,235060400,235060000,235000000,2,2,2.0,2,Infinity,Infinity,,,0.08333333333333333,
4,11092194,4100194,3100033,2100006,1100001,2,1,1.0,1,Infinity,Infinity,,,0.07317073170731707,
0,11112090,4103359,3100604,2100097,1100018,2,3,3.0,3,Infinity,Infinity,,,0.09090909090909093,
1,11163634,4102944,3100529,2100090,1100016,2,4,4.0,4,Infinity,Infinity,,,0.13333333333333333,
2,1118635,4105373,3100970,2100180,1100005,4,26,26.0,26,Infinity,Infinity,,,0.2631578947368421,
3,1121947,4103089,3100558,2100093,1100017,2,1,1.0,1,Infinity,Infinity,,,0.1111111111111111,
4,1123623,4105738,3101052,2100201,1100034,2,1,1.0,1,Infinity,Infinity,,,,
0,11261119,4105738,3101052,2100201,1100034,2,1,1.0,1,Infinity,Infinity,,,,
1,1126623,4102530,3100465,2100077,1100013,2,2,2.0,2,Infinity,Infinity,,,0.024590163934426233,
2,11269852,4105654,3100955,2100185,1100017,2,9,9.0,9,Infinity,Infinity,,,0.14285714285714285,
3,11281273,4105738,3101052,2100201,1100034,2,1,1.0,1,Infinity,Infinity,,,,
0,11289167,4103627,3100642,2100106,1100026,2,1,1.0,1,Infinity,Infinity,,,0.02808988764044944,
1,11297856,4105738,3101052,2100201,1100034,2,1,1.0,1,Infinity,Infinity,,,,
2,11317462,4102078,3100386,2100064,1100011,2,1,1.0,1,Infinity,Infinity,,,0.09210526315789473,
3,11322539,4102783,3100500,2100081,1100014,2,2,2.0,2,Infinity,Infinity,,,0.0625,
4,11391578,4101644,3100312,2100048,1100009,2,2,2.0,2,Infinity,Infinity,,,0.13333333333333333,
0,11446742,4100977,3100191,2100025,1100005,2,3,3.0,3,Infinity,Infinity,,,0.2777777777777778,
1,11494385,4100227,3100039,2100006,1100001,19,1,1.0,1,Infinity,Infinity,,,0.11851851851851852,
2,1149861,4105738,3101052,2100201,1100034,2,1,1.0,1,Infinity,Infinity,,,,
3,11519248,4102899,3100521,2100089,1100016,2,1,1.0,1,Infinity,Infinity,,,0.051020408163265314,
4,1156482,4105738,3101052,2100201,1100034,2,1,1.0,1,Infinity,Infinity,,,,
0,11580409,4105738,3101052,2100201,1100034,2,1,1.0,1,Infinity,Infinity,,,,
1,11587394,4101898,3100360,2100060,1100010,4,1,1.0,1,Infinity,Infinity,,,0.02654867256637168,
2,1161518,4105679,3100709,2100121,1100020,2,2,2.0,2,Infinity,Infinity,,,0.1097560975609756,
3,11625681,4100500,3100095,2100010,1100002,2,11,11.0,11,Infinity,Infinity,,,0.04733727810650888,
4,11641733,4105116,3100902,2100169,1100027,2,5,5.0,5,Infinity,Infinity,,,0.04065040650406504,
0,11677122,4104329,3100767,2100136,1100022,2,1,1.0,1,Infinity,Infinity,,,0.05555555555555555,
1,11722125,4105111,3100902,2100169,1100027,3,13,13.0,13,Infinity,Infinity,,,0.06598984771573604,
2,11727105,4105238,3100184,2100023,1100005,2,2,2.0,2,Infinity,Infinity,,,0.08771929824561403,
3,11751650,4103185,3100575,2100095,1100018,2,1,1.0,1,Infinity,Infinity,,,0.10526315789473684,
0,1178749,4104535,3100812,2100146,1100023,3,2,2.0,2,Infinity,Infinity,,,0.3333333333333333,
1,11820650,4100044,3100007,2100002,1100000,2,95,95.0,95,Infinity,Infinity,,,0.030769230769230767,
2,11826898,4101907,3100361,2100060,1100010,2,2,2.0,2,Infinity,Infinity,,,0.06896551724137931,
3,11905817,4101669,3100317,2100049,1100009,2,5,5.0,5,Infinity,Infinity,,,0.01932367149758454,
4,11906511,4102191,3100400,2100066,1100012,2,1,1.0,1,Infinity,Infinity,,,0.08333333333333333,
0,1194098,4101018,3100196,2100025,1100005,2,1,1.0,1,Infinity,Infinity,,,0.12658227848101267,
1,11983308,4101139,3100213,2100028,1100005,2,1,1.0,1,Infinity,Infinity,,,0.125,
2,11985017,4102550,3100469,2100077,1100013,2,1,1.0,1,Infinity,Infinity,,,0.11057692307692307,
3,11995772,4103566,3100635,2100104,1100019,2,3,3.0,3,Infinity,Infinity,,,0.01984126984126984,
4,12012124,4105358,3100969,2100180,1100005,4,2,2.0,2,Infinity,Infinity,,,0.09090909090909093,
0,1202046,4105738,3101052,2100201,1100034,2,1,1.0,1,Infinity,Infinity,,,,
1,12070080,235020403,235020400,235020000,235000000,2,7,7.0,7,Infinity,Infinity,,,0.07001321003963012,
2,1208135,4101256,3100234,2100033,1100006,2,18,18.0,18,Infinity,Infinity,,,0.1875,
3,12087010,4102228,3100406,2100068,1100013,2,2,2.0,2,Infinity,Infinity,,,0.2222222222222222,
0,12088649,232070603,232070600,232070000,232000000,2,3,3.0,3,Infinity,Infinity,,,0.01904761904761905,
1,12105314,4104420,3100789,2100140,1100022,2,1,1.0,1,Infinity,Infinity,,,0.15789473684210525,
2,12125932,4102907,3100522,2100089,1100016,2,2,2.0,2,Infinity,Infinity,,,0.05,
3,12136147,4105738,3101052,2100201,1100034,2,1,1.0,1,Infinity,Infinity,,,,
4,12137203,4105614,3100998,2100029,1100005,2,23,23.0,23,Infinity,Infinity,,,0.2,
0,12137784,4105738,3101052,2100201,1100034,2,1,1.0,1,Infinity,Infinity,,,,
1,12189492,4101090,3100205,2100026,1100005,2,6,6.0,6,Infinity,Infinity,,,0.030303030303030307,
2,1223771,4105738,3101052,2100201,1100034,2,1,1.0,1,Infinity,Infinity,,,,
3,1223855,4105738,3101052,2100201,1100034,2,1,1.0,1,Infinity,Infinity,,,,
4,12263632,4104358,3100774,2100138,1100022,3,1,1.0,1,Infinity,Infinity,,,,
0,1234144,4103792,3100670,2100186,1100017,2,11,11.0,11,Infinity,Infinity,,,0.06077348066298342,
1,12355926,4104683,3100836,2100151,1100024,2,1,1.0,1,Infinity,Infinity,,,0.05275229357798165,
2,12390628,4100451,3100083,2100009,1100002,4,13,13.0,13,Infinity,Infinity,,,0.04923076923076923,
3,12402572,4105837,3101081,2100208,1100015,3,6,6.0,6,Infinity,Infinity,,,0.2,
0,1242700,4105738,3101052,2100201,1100034,6,1,1.0,1,Infinity,Infinity,,,,
1,12432333,4103970,3100700,2100121,1100020,2,8,8.0,8,Infinity,Infinity,,,0.030927835051546393,
2,12435842,232010206,232010200,232010000,232000000,2,1,1.0,1,Infinity,Infinity,,,0.07526881720430108,
3,12436921,4104596,3100821,2100148,1100023,2,1,1.0,1,Infinity,Infinity,,,0.07272727272727272,
4,12440829,4102457,3100452,2100077,1100013,2,22,22.0,22,Infinity,Infinity,,,0.05617977528089888,
0,12469400,4105738,3101052,2100201,1100034,2,1,1.0,1,Infinity,Infinity,,,,
1,1247716,4101100,3100207,2100026,1100005,2,26,26.0,26,Infinity,Infinity,,,0.07936507936507936,
2,12494019,232063802,232063800,232060000,232000000,2,7,7.0,7,Infinity,Infinity,,,0.07397260273972603,
3,12507249,4101844,3100351,2100058,1100010,2,1,1.0,1,Infinity,Infinity,,,0.06818181818181818,
4,12508332,4102818,3100505,2100085,1100014,2,1,1.0,1,Infinity,Infinity,,,0.045454545454545456,
0,1258330,4104818,3100856,2100154,1100024,4,2,2.0,2,Infinity,Infinity,,,0.026785714285714284,
1,12586688,4101695,3100324,2100051,1100010,3,1,1.0,1,Infinity,Infinity,,,0.04,
2,1258842,4104025,3100709,2100121,1100020,2,2,2.0,2,Infinity,Infinity,,,0.042857142857142864,
3,12602765,232071406,232071400,232070000,232000000,2,1,1.0,1,Infinity,Infinity,,,0.15492957746478872,
0,1262269,4105738,3101052,2100201,1100034,5,1,1.0,1,Infinity,Infinity,,,,
1,12652390,4105678,3100709,2100121,1100020,3,4,4.0,4,Infinity,Infinity,,,0.11904761904761905,
2,12692470,4102069,3100386,2100064,1100011,2,1,1.0,1,Infinity,Infinity,,,0.25,
3,12715213,4105191,3100916,2100174,1100027,2,4,4.0,4,Infinity,Infinity,,,0.03225806451612903,
4,1271664,4105738,3101052,2100201,1100034,2,1,1.0,1,Infinity,Infinity,,,,
0,12725959,4101812,3100346,2100057,1100010,4,5,5.0,5,Infinity,Infinity,,,0.15384615384615385,
1,12794800,4102997,3100536,2100090,1100016,2,1,1.0,1,Infinity,Infinity,,,0.04608294930875576,
2,12801846,4103835,3100678,2100115,1100017,2,10,10.0,10,Infinity,Infinity,,,0.05882352941176471,
3,12831485,4105200,3100215,2100028,1100005,4,3,3.0,3,Infinity,Infinity,,,0.3086734693877551,
4,12854988,4104879,3100862,2100154,1100024,2,4,4.0,4,Infinity,Infinity,,,0.08333333333333333,
0,12858370,4101534,3100292,2100044,1100008,2,3,3.0,3,Infinity,Infinity,,,0.07575757575757576,
1,1286457,4105738,3101052,2100201,1100034,2,1,1.0,1,Infinity,Infinity,,,,
2,12869804,4103402,3100611,2100098,1100018,2,6,6.0,6,Infinity,Infinity,,,0.07547169811320754,
3,12884807,4105208,3100922,2100177,1100017,2,1,1.0,1,Infinity,Infinity,,,0.0970873786407767,
4,12886726,4100271,3100047,2100008,1100001,2,12,12.0,12,Infinity,Infinity,,,0.02099737532808399,
0,12921880,4104998,3100882,2100162,1100026,2,1,1.0,1,Infinity,Infinity,,,0.046875,
1,12922111,4101105,3100209,2100028,1100005,2,35,35.0,35,Infinity,Infinity,,,0.15384615384615385,
2,12925848,4101017,3100196,2100025,1100005,2,1,1.0,1,Infinity,Infinity,,,0.125,
3,12927972,4101892,3100359,2100060,1100010,2,3,3.0,3,Infinity,Infinity,,,0.125,
0,12949572,4101839,3100350,2100058,1100010,4,1,1.0,1,Infinity,Infinity,,,0.035897435897435895,
1,12985248,4102408,3100446,2100076,1100013,2,17,17.0,17,Infinity,Infinity,,,0.07407407407407407,
2,12991169,4101240,3100232,2100033,1100006,2,3,3.0,3,Infinity,Infinity,,,0.04838709677419355,
3,13056646,4101960,3100370,2100062,1100011,4,5,5.0,5,Infinity,Infinity,,,0.1388888888888889,
4,13076858,4102994,3100535,2100090,1100016,2,17,17.0,17,Infinity,Infinity,,,0.17813765182186234,
5,13076858,4102970,3100532,2100090,1100016,2,13,13.0,13,Infinity,Infinity,,,0.1,
0,1307769,233070110,233070100,233070000,233000000,2,17,17.0,17,Infinity,Infinity,,,0.03825622775800712,
1,13110231,4102985,3100534,2100090,1100016,2,2,2.0,2,Infinity,Infinity,,,0.06666666666666668,
2,13115011,4105738,3101052,2100201,1100034,2,1,1.0,1,Infinity,Infinity,,,,
3,13129283,4105738,3101052,2100201,1100034,4,1,1.0,1,Infinity,Infinity,,,,
0,13165763,4103347,3100603,2100097,1100018,2,1,1.0,1,Infinity,Infinity,,,0.007299270072992701,
1,13206261,4101708,3100325,2100051,1100010,2,6,6.0,6,Infinity,Infinity,,,0.041533546325878586,
2,1324345,4101137,3100213,2100028,1100005,2,2,2.0,2,Infinity,Infinity,,,0.13592233009708735,
3,13261004,4104520,3100810,2100146,1100023,2,19,19.0,19,Infinity,Infinity,,,0.13,
0,1329856,4105738,3101052,2100201,1100034,2,1,1.0,1,Infinity,Infinity,,,,
1,13300347,4102550,3100469,2100077,1100013,2,1,1.0,1,Infinity,Infinity,,,0.11057692307692307,
2,13378330,4105159,3100911,2100172,1100027,2,14,14.0,14,Infinity,Infinity,,,0.15625,
3,13379244,4102411,3100447,2100076,1100013,2,12,12.0,12,Infinity,Infinity,,,0.18181818181818185,
4,1342752,4102573,3100473,2100078,1100013,3,1,1.0,1,Infinity,Infinity,,,0.034383954154727794,
0,13436568,4103221,3100580,2100095,1100018,2,3,3.0,3,Infinity,Infinity,,,0.07228915662650602,
1,1344804,4105600,3100215,2100028,1100005,4,23,23.0,23,Infinity,Infinity,,,0.2368421052631579,
2,13498694,4105320,3100930,2100179,1100005,2,17,17.0,17,Infinity,Infinity,,,0.2777777777777778,
3,13654489,4100300,3100052,2100007,1100001,2,3,3.0,3,Infinity,Infinity,,,0.08333333333333333,
4,13687520,4103804,3100960,2100186,1100017,2,1,1.0,1,Infinity,Infinity,,,0.02180685358255452,
0,13725104,239020806,239020800,239020000,239000000,2,8,8.0,8,Infinity,Infinity,,,0.07103825136612021,
1,13740152,232070601,232070600,232070000,232000000,2,2,2.0,2,Infinity,Infinity,,,0.1111111111111111,
2,1377082,4105432,3100981,2100180,1100005,5,18,18.0,18,Infinity,Infinity,,,0.25,
3,1380553,4101173,3100218,2100031,1100006,2,1,1.0,1,Infinity,Infinity,,,0.02958579881656805,
0,13857529,4101674,3100319,2100049,1100009,3,1,1.0,1,Infinity,Infinity,,,0.025477707006369428,
1,13924528,4103937,3100694,2100120,1100020,2,3,3.0,3,Infinity,Infinity,,,0.03571428571428571,
2,1393591,4102080,3100387,2100064,1100011,2,4,4.0,4,Infinity,Infinity,,,0.0625,
3,13943014,4104519,3100810,2100146,1100023,3,6,6.0,6,Infinity,Infinity,,,0.16129032258064516,
4,13971886,4102980,3100533,2100090,1100016,2,1,1.0,1,Infinity,Infinity,,,0.07142857142857142,
0,13995230,4101062,3100202,2100025,1100005,2,16,16.0,16,Infinity,Infinity,,,0.15217391304347827,
1,14039315,4105738,3101052,2100201,1100034,2,1,1.0,1,Infinity,Infinity,,,,
2,14059534,4103409,3100613,2100098,1100018,2,1,1.0,1,Infinity,Infinity,,,0.04166666666666666,
3,14080628,4101291,3100242,2100033,1100006,2,4,4.0,4,Infinity,Infinity,,,0.05263157894736842,
4,14089204,4100581,3100113,2100011,1100002,2,1,1.0,1,Infinity,Infinity,,,0.02836879432624113,
0,14096077,233020117,233020100,233020000,233000000,2,1,1.0,1,Infinity,Infinity,,,0.10606060606060606,
1,14133145,4100887,3100175,2100021,1100004,2,1,1.0,1,Infinity,Infinity,,,0.05263157894736842,
2,14180719,4105022,3100888,2100163,1100027,2,28,28.0,28,Infinity,Infinity,,,0.04938271604938271,
3,14453447,4105738,3101052,2100201,1100034,2,1,1.0,1,Infinity,Infinity,,,,
4,14481446,4105738,3101052,2100201,1100034,2,1,1.0,1,Infinity,Infinity,,,,
0,14519004,4103679,3100649,2100108,1100019,2,1,1.0,1,Infinity,Infinity,,,0.05084745762711865,
1,14546592,4105738,3101052,2100201,1100034,2,1,1.0,1,Infinity,Infinity,,,,
2,14546667,4102404,3100446,2100076,1100013,2,1,1.0,1,Infinity,Infinity,,,0.08163265306122447,
3,14659070,4100842,3100169,2100019,1100004,3,2,2.0,2,Infinity,Infinity,,,0.09333333333333334,
0,1466768,4105738,3101052,2100201,1100034,2,1,1.0,1,Infinity,Infinity,,,,
1,14675211,4104610,3100824,2100149,1100023,2,1,1.0,1,Infinity,Infinity,,,0.04166666666666666,
2,14710699,4103634,3100643,2100107,1100019,2,9,9.0,9,Infinity,Infinity,,,0.10526315789473684,
3,1471312,4105672,3100696,2100121,1100020,2,26,26.0,26,Infinity,Infinity,,,0.08333333333333333,
4,14726256,4102136,3100392,2100064,1100011,2,1,1.0,1,Infinity,Infinity,,,0.1044776119402985,
0,14746744,4100559,3100108,2100189,1100002,2,1,1.0,1,Infinity,Infinity,,,0.024937655860349132,
1,14779788,4105738,3101052,2100201,1100034,2,1,1.0,1,Infinity,Infinity,,,,
2,1484521,4103797,3100671,2100186,1100017,2,5,5.0,5,Infinity,Infinity,,,0.1020408163265306,
3,1498067,233090501,233090500,233090000,233000000,2,6,6.0,6,Infinity,Infinity,,,0.2,
4,1498731,4105738,3101052,2100201,1100034,11,1,1.0,1,Infinity,Infinity,,,,
0,1498913,4102256,3100412,2100069,1100013,2,1,1.0,1,Infinity,Infinity,,,0.06481481481481481,
1,1502137,4103471,3100621,2100100,1100019,3,3,3.0,3,Infinity,Infinity,,,0.05555555555555555,
2,15050045,4100351,3100043,2100008,1100001,9,14,14.0,14,Infinity,Infinity,,,0.14285714285714285,
3,1505168,4104328,3100767,2100136,1100022,2,1,1.0,1,Infinity,Infinity,,,0.04733727810650888,
0,1509460,4105738,3101052,2100201,1100034,2,1,1.0,1,Infinity,Infinity,,,,
1,15134180,4105738,3101052,2100201,1100034,2,1,1.0,1,Infinity,Infinity,,,,
2,15163096,239010102,239010100,239010000,239000000,2,1,1.0,1,Infinity,Infinity,,,0.07868852459016394,
3,1516507,4105738,3101052,2100201,1100034,2,1,1.0,1,Infinity,Infinity,,,,
4,15178643,4102508,3100462,2100077,1100013,2,1,1.0,1,Infinity,Infinity,,,0.05882352941176471,
0,15188038,233020101,233020100,233020000,233000000,2,1,1.0,1,Infinity,Infinity,,,0.060606060606060615,
1,1519412,4101631,3100309,2100047,1100009,2,2,2.0,2,Infinity,Infinity,,,0.09090909090909093,
2,15437198,4104589,3100820,2100147,1100023,2,2,2.0,2,Infinity,Infinity,,,0.06578947368421052,
3,15511727,4102317,3100423,2100070,1100013,2,2,2.0,2,Infinity,Infinity,,,0.04166666666666666,
4,15542660,4102641,3100481,2100082,1100014,2,12,12.0,12,Infinity,Infinity,,,0.05357142857142857,
0,15544036,4105738,3101052,2100201,1100034,2,1,1.0,1,Infinity,Infinity,,,,
1,15571139,4100394,3100069,2100009,1100002,2,2,2.0,2,Infinity,Infinity,,,1.0,
2,1558202,4103908,3100690,2100120,1100020,2,48,48.0,48,Infinity,Infinity,,,0.04395604395604396,
3,1564381,4103537,3100631,2100103,1100019,2,9,9.0,9,Infinity,Infinity,,,0.03508771929824561,
0,1565293,4101778,3100341,2100056,1100010,2,4,4.0,4,Infinity,Infinity,,,0.25,
1,1565300,4103085,3100557,2100093,1100017,2,1,1.0,1,Infinity,Infinity,,,0.06666666666666668,
2,15721473,4102192,3100401,2100067,1100012,2,40,40.0,40,Infinity,Infinity,,,0.16666666666666666,
3,1573643,4105738,3101052,2100201,1100034,2,1,1.0,1,Infinity,Infinity,,,,
4,15773280,4105738,3101052,2100201,1100034,2,1,1.0,1,Infinity,Infinity,,,,
0,15854295,4104998,3100882,2100162,1100026,2,1,1.0,1,Infinity,Infinity,,,0.046875,
1,1585983,232060202,232060200,232060000,232000000,2,1,1.0,1,Infinity,Infinity,,,,
2,15885463,4102308,3100421,2100070,1100013,2,3,3.0,3,Infinity,Infinity,,,0.0880503144654088,
3,15911728,4105178,3100913,2100173,1100027,2,4,4.0,4,Infinity,Infinity,,,0.16666666666666666,
4,15942282,4101270,3100237,2100033,1100006,2,22,22.0,22,Infinity,Infinity,,,0.07142857142857142,
0,1597819,4105738,3101052,2100201,1100034,2,1,1.0,1,Infinity,Infinity,,,,
1,15986375,4102561,3100471,2100078,1100013,2,2,2.0,2,Infinity,Infinity,,,0.14285714285714285,
2,15993707,4105738,3101052,2100201,1100034,2,1,1.0,1,Infinity,Infinity,,,,
3,15997424,4101343,3100255,2100035,1100006,2,12,12.0,12,Infinity,Infinity,,,0.05,
0,16027304,4101102,3100207,2100026,1100005,2,5,5.0,5,Infinity,Infinity,,,0.10909090909090907,
1,16034537,4104732,3100844,2100152,1100024,2,2,2.0,2,Infinity,Infinity,,,0.25,
2,16045853,232060401,232060400,232060000,232000000,2,25,25.0,25,Infinity,Infinity,,,0.09146341463414634,
3,16064802,4102290,3100418,2100070,1100013,2,2,2.0,2,Infinity,Infinity,,,0.08411214953271028,
4,16138196,4104133,3100728,2100125,1100020,2,3,3.0,3,Infinity,Infinity,,,0.060240963855421686,
0,16139764,4100915,3100180,2100021,1100004,2,1,1.0,1,Infinity,Infinity,,,0.061728395061728385,
1,16193538,4100826,3100167,2100018,1100003,2,1,1.0,1,Infinity,Infinity,,,0.07758620689655173,
2,1619739,4105738,3101052,2100201,1100034,2,1,1.0,1,Infinity,Infinity,,,,
3,16219933,4105738,3101052,2100201,1100034,2,1,1.0,1,Infinity,Infinity,,,,
4,16257857,4100889,3100176,2100021,1100004,2,7,7.0,7,Infinity,Infinity,,,0.225,
0,16261494,4102894,3100520,2100089,1100016,2,2,2.0,2,Infinity,Infinity,,,0.25,
1,1627222,4104118,3100726,2100125,1100020,5,13,13.0,13,Infinity,Infinity,,,0.038461538461538464,
2,16318325,232061403,232061400,232060000,232000000,4,4,4.0,4,Infinity,Infinity,,,0.036036036036036036,
3,16351114,4100723,3100149,2100013,1100002,2,3,3.0,3,Infinity,Infinity,,,,
4,16384984,4101845,3100351,2100058,1100010,2,3,3.0,3,Infinity,Infinity,,,0.05333333333333334,
0,16396558,233030106,233030100,233030000,233000000,4,30,30.0,30,Infinity,Infinity,,,0.16411993061865038,
1,16402636,233030104,233030100,233030000,233000000,2,30,30.0,30,Infinity,Infinity,,,0.14717978848413632,
2,16420523,4104821,3100856,2100154,1100024,2,11,11.0,11,Infinity,Infinity,,,0.02424242424242424,
3,1643614,4103141,3100566,2100093,1100017,2,1,1.0,1,Infinity,Infinity,,,0.032085561497326213,
0,16501215,4105738,3101052,2100201,1100034,3,1,1.0,1,Infinity,Infinity,,,,
1,16515763,238080402,238080400,238080000,238000000,2,1,1.0,1,Infinity,Infinity,,,0.013238289205702648,
2,1653390,4102902,3100522,2100089,1100016,2,2,2.0,2,Infinity,Infinity,,,0.038461538461538464,
3,16535562,4104705,3100840,2100152,1100024,2,1,1.0,1,Infinity,Infinity,,,0.2735849056603773,
4,16553398,4105738,3101052,2100201,1100034,2,1,1.0,1,Infinity,Infinity,,,,
0,16616924,4101454,3100276,2100041,1100007,2,26,26.0,26,Infinity,Infinity,,,0.033057851239669415,
1,16682033,4105111,3100902,2100169,1100027,2,13,13.0,13,Infinity,Infinity,,,0.06598984771573604,
2,16803637,4104555,3100814,2100146,1100023,2,3,3.0,3,Infinity,Infinity,,,0.02631578947368421,
3,16804860,4101825,3100348,2100057,1100010,2,8,8.0,8,Infinity,Infinity,,,0.06593406593406594,
4,16874925,4105738,3101052,2100201,1100034,2,1,1.0,1,Infinity,Infinity,,,,
0,17045309,4102545,3100469,2100077,1100013,2,41,41.0,41,Infinity,Infinity,,,0.21008403361344535,
1,17155958,233010204,233010200,233010000,233000000,3,5,5.0,5,Infinity,Infinity,,,0.04556354916067146,
2,17156890,4102742,3100494,2100080,1100014,4,1,1.0,1,Infinity,Infinity,,,0.1111111111111111,
3,1719406,4100173,3100029,2100006,1100001,2,2,2.0,2,Infinity,Infinity,,,0.045454545454545456,
0,17214554,4101639,3100310,2100047,1100009,2,2,2.0,2,Infinity,Infinity,,,0.18181818181818185,
1,17215679,4101504,3100285,2100043,1100008,2,1,1.0,1,Infinity,Infinity,,,0.04383561643835617,
2,17220719,4105104,3100900,2100168,1100027,2,14,14.0,14,Infinity,Infinity,,,0.03546099290780142,
3,17222313,4105738,3101052,2100201,1100034,2,1,1.0,1,Infinity,Infinity,,,,
4,1730058,4100466,3100087,2100010,1100002,2,3,3.0,3,Infinity,Infinity,,,0.1111111111111111,
0,17323549,4105738,3101052,2100201,1100034,3,1,1.0,1,Infinity,Infinity,,,,
1,1734570,4101155,3100215,2100028,1100005,2,11,11.0,11,Infinity,Infinity,,,0.08823529411764706,
2,1742412,4100132,3100020,2100006,1100001,2,13,13.0,13,Infinity,Infinity,,,0.1,
3,17443193,4101849,3100352,2100058,1100010,2,3,3.0,3,Infinity,Infinity,,,0.07801418439716312,
4,17480823,4101592,3100303,2100046,1100009,2,18,18.0,18,Infinity,Infinity,,,0.375,
0,1749557,4103399,3100611,2100098,1100018,2,54,54.0,54,Infinity,Infinity,,,0.06666666666666668,
1,17497221,232063602,232063600,232060000,232000000,2,20,20.0,20,Infinity,Infinity,,,0.057142857142857134,
2,17642566,4100239,3100041,2100006,1100001,2,9,9.0,9,Infinity,Infinity,,,0.2247191011235955,
3,17651702,233090602,233090600,233090000,233000000,2,1,1.0,1,Infinity,Infinity,,,0.3775510204081632,
0,1766022,4103764,3100955,2100185,1100017,4,11,11.0,11,Infinity,Infinity,,,0.0457516339869281,
1,17698361,4104957,3100874,2100160,1100026,2,2,2.0,2,Infinity,Infinity,,,0.10588235294117647,
2,17734132,4100381,3100066,2100009,1100002,2,2,2.0,2,Infinity,Infinity,,,0.08088235294117647,
3,17753030,4105205,3100922,2100177,1100017,3,25,25.0,25,Infinity,Infinity,,,0.0196078431372549,
4,17827233,4102588,3100474,2100078,1100013,2,1,1.0,1,Infinity,Infinity,,,0.02479338842975207,
0,17860992,4105738,3101052,2100201,1100034,2,1,1.0,1,Infinity,Infinity,,,,
1,17878200,4104716,3100841,2100152,1100024,2,2,2.0,2,Infinity,Infinity,,,0.06280193236714976,
2,17889623,4105156,3100910,2100171,1100027,3,1,1.0,1,Infinity,Infinity,,,0.09803921568627452,
3,17895932,4105738,3101052,2100201,1100034,2,1,1.0,1,Infinity,Infinity,,,,
4,17914002,4104094,3100721,2100124,1100020,4,5,5.0,5,Infinity,Infinity,,,0.2307692307692308,
0,17961349,4101125,3100211,2100028,1100005,2,1,1.0,1,Infinity,Infinity,,,0.10714285714285714,
1,17980120,4105738,3101052,2100201,1100034,2,1,1.0,1,Infinity,Infinity,,,,
2,17985483,4105837,3101081,2100208,1100015,2,6,6.0,6,Infinity,Infinity,,,0.2,
3,18038520,4105738,3101052,2100201,1100034,2,1,1.0,1,Infinity,Infinity,,,,
4,18168669,4100483,3100091,2100010,1100002,2,6,6.0,6,Infinity,Infinity,,,0.06726457399103139,
0,1817358,4105738,3101052,2100201,1100034,2,1,1.0,1,Infinity,Infinity,,,,
1,18181357,4104670,3100833,2100150,1100023,2,1,1.0,1,Infinity,Infinity,,,0.0855614973262032,
2,18191731,4100220,3100038,2100006,1100001,3,5,5.0,5,Infinity,Infinity,,,0.045161290322580636,
3,1820372,4100805,3100164,2100017,1100003,4,2,2.0,2,Infinity,Infinity,,,0.04615384615384616,
0,18272288,4105245,3100986,2100025,1100005,3,7,7.0,7,Infinity,Infinity,,,0.05263157894736842,
1,18313550,4105738,3101052,2100201,1100034,2,1,1.0,1,Infinity,Infinity,,,,
2,18335027,4105829,3101074,2100206,1100015,2,12,12.0,12,Infinity,Infinity,,,1.0,
3,18433231,4101510,3100287,2100043,1100008,2,1,1.0,1,Infinity,Infinity,,,0.06521739130434782,
4,1843794,4105738,3101052,2100201,1100034,2,1,1.0,1,Infinity,Infinity,,,,
0,18466897,4105738,3101052,2100201,1100034,3,1,1.0,1,Infinity,Infinity,,,,
1,18498424,4103993,3100704,2100121,1100020,2,30,30.0,30,Infinity,Infinity,,,0.1557377049180328,
2,18508298,4103167,3100571,2100094,1100017,2,10,10.0,10,Infinity,Infinity,,,0.17261904761904762,
3,18511093,4100562,3100109,2100189,1100002,8,1,1.0,1,Infinity,Infinity,,,0.03125,
4,18511093,4100563,3100109,2100189,1100002,8,1,1.0,1,Infinity,Infinity,,,0.17105263157894735,
0,18527701,4103747,3100661,2100110,1100019,2,2,2.0,2,Infinity,Infinity,,,0.15263157894736842,
1,18547401,4105738,3101052,2100201,1100034,2,1,1.0,1,Infinity,Infinity,,,,
2,1857110,4100531,3100103,2100010,1100002,2,1,1.0,1,Infinity,Infinity,,,0.04166666666666666,
3,18593780,4105257,3100994,2100025,1100005,2,10,10.0,10,Infinity,Infinity,,,0.1111111111111111,
0,1860955,232060301,232060300,232060000,232000000,2,7,7.0,7,Infinity,Infinity,,,0.021739130434782608,
1,18654203,4105369,3100970,2100180,1100005,3,9,9.0,9,Infinity,Infinity,,,0.2,
2,18688494,4105738,3101052,2100201,1100034,2,1,1.0,1,Infinity,Infinity,,,,
3,18769924,4100312,3100054,2100007,1100001,2,1,1.0,1,Infinity,Infinity,,,0.08955223880597014,
4,18776162,233090312,233090300,233090000,233000000,2,2,2.0,2,Infinity,Infinity,,,0.03597122302158273,
0,18818131,4102454,3100451,2100077,1100013,3,2,2.0,2,Infinity,Infinity,,,0.2352941176470588,
1,18876433,4104184,3100736,2100128,1100021,2,6,6.0,6,Infinity,Infinity,,,0.04225352112676056,
2,1889117,4105738,3101052,2100201,1100034,2,1,1.0,1,Infinity,Infinity,,,,
3,1890818,4104328,3100767,2100136,1100022,2,1,1.0,1,Infinity,Infinity,,,0.04733727810650888,
4,1893100,4103277,3100589,2100095,1100018,2,29,29.0,29,Infinity,Infinity,,,0.08571428571428573,
0,18952586,4103244,3100583,2100095,1100018,8,1,1.0,1,Infinity,Infinity,,,0.049180327868852465,
1,19037318,4103752,3100662,2100111,1100017,2,1,1.0,1,Infinity,Infinity,,,0.029556650246305417,
2,19051579,4101237,3100231,2100033,1100006,2,1,1.0,1,Infinity,Infinity,,,0.060606060606060615,
3,19074144,4103414,3100614,2100098,1100018,2,51,51.0,51,Infinity,Infinity,,,0.05,
0,19110330,4101054,3100201,2100025,1100005,3,4,4.0,4,Infinity,Infinity,,,0.19230769230769232,
1,19140757,4105738,3101052,2100201,1100034,2,1,1.0,1,Infinity,Infinity,,,,
2,19167462,232062103,232062100,232060000,232000000,2,6,6.0,6,Infinity,Infinity,,,0.04629629629629629,
3,19213878,4100822,3100166,2100018,1100003,2,1,1.0,1,Infinity,Infinity,,,0.0423728813559322,
4,19226232,232010205,232010200,232010000,232000000,2,27,27.0,27,Infinity,Infinity,,,0.045454545454545456,
0,19228712,4101778,3100341,2100056,1100010,2,4,4.0,4,Infinity,Infinity,,,0.25,
1,1929273,4105738,3101052,2100201,1100034,2,1,1.0,1,Infinity,Infinity,,,,
2,19309522,4103421,3100615,2100098,1100018,2,2,2.0,2,Infinity,Infinity,,,0.08955223880597014,
3,19405977,4104219,3100743,2100131,1100022,3,3,3.0,3,Infinity,Infinity,,,0.033444816053511704,
4,19413832,238010204,238010200,238010000,238000000,2,1,1.0,1,Infinity,Infinity,,,0.09027777777777778,
0,19440292,4100679,3100138,2100013,1100002,2,8,8.0,8,Infinity,Infinity,,,0.017241379310344827,
1,19489184,4105738,3101052,2100201,1100034,2,1,1.0,1,Infinity,Infinity,,,,
2,19517738,4104509,3100808,2100142,1100023,2,6,6.0,6,Infinity,Infinity,,,0.04166666666666666,
3,19526713,4105738,3101052,2100201,1100034,2,1,1.0,1,Infinity,Infinity,,,,
0,19530538,4102332,3100425,2100071,1100013,2,27,27.0,27,Infinity,Infinity,,,0.21739130434782608,
1,1964112,4102255,3100412,2100069,1100013,2,1,1.0,1,Infinity,Infinity,,,0.05882352941176471,
2,19661819,233090605,233090600,233090000,233000000,2,1,1.0,1,Infinity,Infinity,,,0.14380530973451328,
3,19737691,4100235,3100040,2100006,1100001,2,1,1.0,1,Infinity,Infinity,,,0.08653846153846154,
4,19741323,4101905,3100361,2100060,1100010,2,1,1.0,1,Infinity,Infinity,,,0.1,
0,19752488,4101976,3100373,2100062,1100011,2,2,2.0,2,Infinity,Infinity,,,0.17073170731707318,
1,19784007,4103143,3100567,2100093,1100017,2,2,2.0,2,Infinity,Infinity,,,0.11702127659574467,
2,19784007,4103137,3100566,2100093,1100017,2,2,2.0,2,Infinity,Infinity,,,0.048582995951417005,
3,1984083,4103901,3100689,2100120,1100020,6,2,2.0,2,Infinity,Infinity,,,0.07142857142857142,
4,19871227,4101137,3100213,2100028,1100005,2,2,2.0,2,Infinity,Infinity,,,0.13592233009708735,
0,19872743,4105738,3101052,2100201,1100034,2,1,1.0,1,Infinity,Infinity,,,,
1,19888869,4103747,3100661,2100110,1100019,2,2,2.0,2,Infinity,Infinity,,,0.15263157894736842,
2,1989744,4105738,3101052,2100201,1100034,3,1,1.0,1,Infinity,Infinity,,,,
3,19909903,4101159,3100215,2100028,1100005,2,1,1.0,1,Infinity,Infinity,,,0.21,
4,19954006,4103311,3100597,2100097,1100018,2,3,3.0,3,Infinity,Infinity,,,0.05952380952380953,
0,19977927,4104481,3100803,2100144,1100023,2,12,12.0,12,Infinity,Infinity,,,0.057142857142857134,
1,19979388,4100493,3100093,2100010,1100002,4,1,1.0,1,Infinity,Infinity,,,0.016260162601626018,
2,20013092,4101501,3100284,2100042,1100008,2,12,12.0,12,Infinity,Infinity,,,0.04464285714285714,
3,20016611,4102404,3100446,2100076,1100013,2,1,1.0,1,Infinity,Infinity,,,0.08163265306122447,
0,20046433,4103838,3100679,2100187,1100017,2,9,9.0,9,Infinity,Infinity,,,0.043478260869565216,
1,20055192,4102908,3100522,2100089,1100016,2,2,2.0,2,Infinity,Infinity,,,0.022727272727272728,
2,20056600,4105651,3100541,2100091,1100017,2,15,15.0,15,Infinity,Infinity,,,0.05263157894736842,
3,20057225,232062702,232062700,232060000,232000000,2,3,3.0,3,Infinity,Infinity,,,0.07142857142857142,
4,20081843,4104902,3100864,2100154,1100024,2,1,1.0,1,Infinity,Infinity,,,0.03333333333333333,
0,20226368,233080109,233080100,233080000,233000000,2,71,71.0,71,Infinity,Infinity,,,0.07920792079207921,
1,2024886,4105738,3101052,2100201,1100034,2,1,1.0,1,Infinity,Infinity,,,,
2,20265008,4101198,3100223,2100032,1100006,2,8,8.0,8,Infinity,Infinity,,,0.05357142857142857,
3,20363639,4105004,3100883,2100162,1100026,3,64,64.0,64,Infinity,Infinity,,,0.21666666666666667,
4,20366655,4105426,3100979,2100180,1100005,2,8,8.0,8,Infinity,Infinity,,,0.4,
0,20403958,4102310,3100422,2100070,1100013,2,2,2.0,2,Infinity,Infinity,,,0.09243697478991596,
1,20638768,4101725,3100330,2100053,1100010,2,4,4.0,4,Infinity,Infinity,,,0.05128205128205128,
2,20649777,4100490,3100093,2100010,1100002,2,5,5.0,5,Infinity,Infinity,,,0.04411764705882353,
3,20720140,4103591,3100638,2100105,1100019,2,14,14.0,14,Infinity,Infinity,,,0.05,
0,2085468,4103075,3100555,2100093,1100017,2,1,1.0,1,Infinity,Infinity,,,0.08974358974358974,
1,20865850,4105685,3100709,2100121,1100020,2,2,2.0,2,Infinity,Infinity,,,0.038461538461538464,
2,20873860,4104894,3100864,2100154,1100024,2,1,1.0,1,Infinity,Infinity,,,0.045454545454545456,
3,2088942,4100499,3100095,2100010,1100002,2,1,1.0,1,Infinity,Infinity,,,0.016393442622950817,
4,20932826,4101997,3100375,2100062,1100011,2,1,1.0,1,Infinity,Infinity,,,0.040540540540540536,
0,20934105,4104953,3100873,2100160,1100026,2,13,13.0,13,Infinity,Infinity,,,0.05645161290322581,
1,20953861,4104382,3100782,2100139,1100022,2,4,4.0,4,Infinity,Infinity,,,0.04819277108433735,
2,20986493,4103949,3100696,2100121,1100020,10,7,7.0,7,Infinity,Infinity,,,0.10256410256410256,
3,21064953,4105076,3100896,2100167,1100027,2,5,5.0,5,Infinity,Infinity,,,0.10594795539033457,
4,21095486,4100570,3100110,2100011,1100002,2,34,34.0,34,Infinity,Infinity,,,0.02666666666666667,
0,21132585,4105738,3101052,2100201,1100034,2,1,1.0,1,Infinity,Infinity,,,,
1,2118866,4105869,3101083,2100208,1100015,2,2,2.0,2,Infinity,Infinity,,,,
2,21195529,4105738,3101052,2100201,1100034,2,1,1.0,1,Infinity,Infinity,,,,
3,21211441,233020101,233020100,233020000,233000000,2,1,1.0,1,Infinity,Infinity,,,0.060606060606060615,
0,21235954,4101918,3100363,2100055,1100010,2,3,3.0,3,Infinity,Infinity,,,0.13736263736263735,
1,21310485,4105407,3100975,2100180,1100005,3,6,6.0,6,Infinity,Infinity,,,0.08928571428571429,
2,21321481,4104784,3100851,2100153,1100024,2,10,10.0,10,Infinity,Infinity,,,0.039735099337748346,
3,21375670,4104129,3100727,2100125,1100020,2,1,1.0,1,Infinity,Infinity,,,0.125,
4,21386113,4104596,3100821,2100148,1100023,2,1,1.0,1,Infinity,Infinity,,,0.07272727272727272,
0,21448655,4103301,3100596,2100097,1100018,2,16,16.0,16,Infinity,Infinity,,,0.027777777777777776,
1,21455173,4102057,3100384,2100063,1100011,3,7,7.0,7,Infinity,Infinity,,,0.09545454545454546,
2,21458674,4105682,3100709,2100121,1100020,2,10,10.0,10,Infinity,Infinity,,,0.1111111111111111,
3,21503429,4103692,3100651,2100108,1100019,2,15,15.0,15,Infinity,Infinity,,,0.047619047619047616,
4,21503429,4103819,3100675,2100114,1100017,3,1,1.0,1,Infinity,Infinity,,,0.13917525773195874,
0,21529563,4103967,3100699,2100121,1100020,2,58,58.0,58,Infinity,Infinity,,,0.19718309859154928,
1,2165081,4105738,3101052,2100201,1100034,2,1,1.0,1,Infinity,Infinity,,,,
2,21736487,4100563,3100109,2100189,1100002,6,1,1.0,1,Infinity,Infinity,,,0.17105263157894735,
3,21737854,4105619,3100998,2100029,1100005,2,15,15.0,15,Infinity,Infinity,,,0.25,
0,21742933,4102088,3100388,2100064,1100011,2,5,5.0,5,Infinity,Infinity,,,0.10526315789473684,
1,21851956,4104596,3100821,2100148,1100023,2,1,1.0,1,Infinity,Infinity,,,0.07272727272727272,
2,2188392,4100076,3100012,2100003,1100000,2,1,1.0,1,Infinity,Infinity,,,0.03333333333333333,
3,21887561,232063901,232063900,232060000,232000000,2,1,1.0,1,Infinity,Infinity,,,0.048484848484848485,
4,21901251,4103837,3100678,2100115,1100017,2,1,1.0,1,Infinity,Infinity,,,0.25,
0,2190789,4103405,3100613,2100098,1100018,2,1,1.0,1,Infinity,Infinity,,,0.03125,
1,21948801,4101199,3100224,2100032,1100006,2,2,2.0,2,Infinity,Infinity,,,0.059701492537313425,
2,21997754,4104960,3100875,2100160,1100026,2,1,1.0,1,Infinity,Infinity,,,0.125,
3,22030858,4104695,3100838,2100151,1100024,2,8,8.0,8,Infinity,Infinity,,,0.07692307692307693,
4,22051835,4101123,3100211,2100028,1100005,3,1,1.0,1,Infinity,Infinity,,,0.09803921568627452,
0,22056649,232062802,232062800,232060000,232000000,2,1,1.0,1,Infinity,Infinity,,,0.056224899598393566,
1,22088296,4101828,3100348,2100057,1100010,3,1,1.0,1,Infinity,Infinity,,,0.5,
2,22112446,4101411,3100268,2100037,1100007,2,1,1.0,1,Infinity,Infinity,,,0.04329004329004329,
3,22166920,4103223,3100580,2100095,1100018,2,41,41.0,41,Infinity,Infinity,,,0.03125,
4,22261211,232010101,232010100,232010000,232000000,2,3,3.0,3,Infinity,Infinity,,,0.05555555555555555,
0,22325633,4102071,3100386,2100064,1100011,2,15,15.0,15,Infinity,Infinity,,,0.1,
1,2240932,238030303,238030300,238030000,238000000,2,1,1.0,1,Infinity,Infinity,,,0.04072398190045249,
2,22423390,4102642,3100482,2100082,1100014,2,67,67.0,67,Infinity,Infinity,,,0.12280701754385966,
3,22449118,4101556,3100297,2100045,1100008,4,3,3.0,3,Infinity,Infinity,,,0.05825242718446603,
0,2246980,4105738,3101052,2100201,1100034,2,1,1.0,1,Infinity,Infinity,,,,
1,22487605,4103292,3100593,2100096,1100018,2,17,17.0,17,Infinity,Infinity,,,0.07407407407407407,
2,22500899,4105738,3101052,2100201,1100034,2,1,1.0,1,Infinity,Infinity,,,,
3,22502543,239010705,239010700,239010000,239000000,2,1,1.0,1,Infinity,Infinity,,,0.10309278350515463,
4,22510670,4101821,3100347,2100057,1100010,2,20,20.0,20,Infinity,Infinity,,,0.08695652173913042,
0,22518553,4102057,3100384,2100063,1100011,2,7,7.0,7,Infinity,Infinity,,,0.09545454545454546,
1,2256382,4105738,3101052,2100201,1100034,2,1,1.0,1,Infinity,Infinity,,,,
2,22589874,232071102,232071100,232070000,232000000,2,1,1.0,1,Infinity,Infinity,,,0.06299212598425198,
3,22615461,239030202,239030200,239030000,239000000,2,39,39.0,39,Infinity,Infinity,,,0.05263157894736842,
4,22678156,4101251,3100233,2100033,1100006,2,1,1.0,1,Infinity,Infinity,,,0.023809523809523808,
0,22697779,4104029,3100709,2100121,1100020,2,1,1.0,1,Infinity,Infinity,,,0.13247863247863248,
1,22741596,4102486,3100458,2100077,1100013,2,12,12.0,12,Infinity,Infinity,,,0.06756756756756757,
2,2281479,4104796,3100853,2100153,1100024,2,1,1.0,1,Infinity,Infinity,,,0.05681818181818181,
3,22818089,4102350,3100429,2100072,1100013,2,2,2.0,2,Infinity,Infinity,,,0.0763888888888889,
0,22869399,4105738,3101052,2100201,1100034,2,1,1.0,1,Infinity,Infinity,,,,
1,22875089,4105738,3101052,2100201,1100034,2,1,1.0,1,Infinity,Infinity,,,,
2,22884245,4104951,3100873,2100160,1100026,4,48,48.0,48,Infinity,Infinity,,,0.045454545454545456,
3,22939744,4100826,3100167,2100018,1100003,2,1,1.0,1,Infinity,Infinity,,,0.07758620689655173,
4,22962179,4100230,3100040,2100006,1100001,3,18,18.0,18,Infinity,Infinity,,,0.10526315789473684,
0,2299311,4101411,3100268,2100037,1100007,2,1,1.0,1,Infinity,Infinity,,,0.04329004329004329,
1,23037079,4101057,3100202,2100025,1100005,2,18,18.0,18,Infinity,Infinity,,,0.1322314049586777,
2,23042686,4100563,3100109,2100189,1100002,2,1,1.0,1,Infinity,Infinity,,,0.17105263157894735,
3,2305101,4105738,3101052,2100201,1100034,2,1,1.0,1,Infinity,Infinity,,,,
4,2321979,4105738,3101052,2100201,1100034,2,1,1.0,1,Infinity,Infinity,,,,
0,23259273,238010201,238010200,238010000,238000000,2,20,20.0,20,Infinity,Infinity,,,0.02356902356902357,
1,23298193,4104132,3100728,2100125,1100020,2,2,2.0,2,Infinity,Infinity,,,0.3333333333333333,
2,23329896,4101954,3100369,2100061,1100011,2,7,7.0,7,Infinity,Infinity,,,,
3,23349936,4105738,3101052,2100201,1100034,2,1,1.0,1,Infinity,Infinity,,,,
0,23425850,4102539,3100468,2100077,1100013,4,1,1.0,1,Infinity,Infinity,,,0.038461538461538464,
1,23502407,4102312,3100422,2100070,1100013,3,4,2.0,2,Infinity,Infinity,,,0.02247191011235955,
2,23609526,4103688,3100651,2100108,1100019,2,1,1.0,1,Infinity,Infinity,,,0.037333333333333336,
3,23654162,4101114,3100210,2100028,1100005,2,2,2.0,2,Infinity,Infinity,,,0.21505376344086025,
4,23665729,4101785,3100341,2100056,1100010,4,15,15.0,15,Infinity,Infinity,,,0.34545454545454546,
0,23735511,233020127,233020100,233020000,233000000,2,35,35.0,35,Infinity,Infinity,,,0.040268456375838924,
1,23742130,4102238,3100409,2100069,1100013,2,23,23.0,23,Infinity,Infinity,,,0.05263157894736842,
2,23823686,4105590,3100212,2100028,1100005,3,1,1.0,1,Infinity,Infinity,,,0.16666666666666666,
3,23823731,4102022,3100379,2100063,1100011,2,2,2.0,2,Infinity,Infinity,,,0.07142857142857142,
4,23827795,4104922,3100868,2100156,1100025,2,3,3.0,3,Infinity,Infinity,,,0.05084745762711865,
0,23828571,4102010,3100377,2100062,1100011,2,9,9.0,9,Infinity,Infinity,,,0.057142857142857134,
1,23835462,238060506,238060500,238060000,238000000,2,1,1.0,1,Infinity,Infinity,,,0.017964071856287425,
2,2384694,4104834,3100857,2100154,1100024,2,2,2.0,2,Infinity,Infinity,,,0.07692307692307693,
3,2388313,4100562,3100109,2100189,1100002,2,1,1.0,1,Infinity,Infinity,,,0.03125,
4,23993476,4104771,3100849,2100153,1100024,2,1,1.0,1,Infinity,Infinity,,,0.18,
0,24005797,4105738,3101052,2100201,1100034,2,1,1.0,1,Infinity,Infinity,,,,
1,24021214,4101436,3100272,2100039,1100007,2,3,3.0,3,Infinity,Infinity,,,0.04975124378109453,
2,24026884,4105738,3101052,2100201,1100034,2,1,1.0,1,Infinity,Infinity,,,,
3,24043421,4102131,3100392,2100064,1100011,2,5,5.0,5,Infinity,Infinity,,,0.15384615384615385,
0,24066681,4100435,3100079,2100009,1100002,2,10,10.0,10,Infinity,Infinity,,,0.10759493670886076,
1,24098268,231010603,231010600,231010000,231000000,2,9,9.0,9,Infinity,Infinity,,,0.1437908496732026,
2,24140109,4102221,3100405,2100068,1100013,4,1,1.0,1,Infinity,Infinity,,,0.07692307692307693,
3,24157164,4103384,3100609,2100098,1100018,2,15,15.0,15,Infinity,Infinity,,,0.04,
4,24159136,4101283,3100240,2100033,1100006,2,1,1.0,1,Infinity,Infinity,,,0.09523809523809523,
0,24172202,4105660,3100958,2100186,1100017,4,9,9.0,9,Infinity,Infinity,,,0.3333333333333333,
1,2417346,4105230,3101002,2100022,1100004,2,16,16.0,16,Infinity,Infinity,,,0.06557377049180327,
2,24179756,4101438,3100272,2100039,1100007,2,5,5.0,5,Infinity,Infinity,,,0.21428571428571427,
3,24184530,4102161,3100396,2100065,1100011,2,1,1.0,1,Infinity,Infinity,,,0.0891089108910891,
4,24197004,4103946,3100696,2100121,1100020,4,63,63.0,63,Infinity,Infinity,,,0.05128205128205128,
0,24205002,4101038,3100199,2100025,1100005,2,12,12.0,12,Infinity,Infinity,,,0.06930693069306931,
1,24258677,4102497,3100461,2100077,1100013,2,21,21.0,21,Infinity,Infinity,,,0.04444444444444445,
2,24269480,4104260,3100751,2100134,1100022,5,29,29.0,29,Infinity,Infinity,,,0.4677419354838709,
3,24283444,4103641,3100644,2100107,1100019,2,9,9.0,9,Infinity,Infinity,,,0.07511737089201878,
0,24314169,4104058,3100715,2100122,1100020,2,5,5.0,5,Infinity,Infinity,,,0.20634920634920634,
1,24391716,4104313,3100763,2100136,1100022,2,5,5.0,5,Infinity,Infinity,,,0.06521739130434782,
2,24397173,232050503,232050500,232050000,232000000,2,2,2.0,2,Infinity,Infinity,,,0.013888888888888888,
3,24432983,4100563,3100109,2100189,1100002,2,1,1.0,1,Infinity,Infinity,,,0.17105263157894735,
4,24437906,4103776,3100667,2100113,1100020,2,1,1.0,1,Infinity,Infinity,,,0.07352941176470587,
0,2450329,4105738,3101052,2100201,1100034,2,1,1.0,1,Infinity,Infinity,,,,
1,2451308,4102234,3100408,2100069,1100013,2,7,7.0,7,Infinity,Infinity,,,0.05,
2,24519178,4100811,3100165,2100017,1100003,2,22,22.0,22,Infinity,Infinity,,,0.06451612903225806,
3,2453456,4100999,3100194,2100025,1100005,2,24,24.0,24,Infinity,Infinity,,,0.2222222222222222,
4,24545889,4102057,3100384,2100063,1100011,2,7,7.0,7,Infinity,Infinity,,,0.09545454545454546,
0,24578168,4100915,3100180,2100021,1100004,2,1,1.0,1,Infinity,Infinity,,,0.061728395061728385,
1,24624958,4103450,3100618,2100099,1100019,2,2,2.0,2,Infinity,Infinity,,,0.043478260869565216,
2,24677466,4102472,3100455,2100077,1100013,2,21,21.0,21,Infinity,Infinity,,,0.04225352112676056,
3,24699522,4100913,3100180,2100021,1100004,2,8,8.0,8,Infinity,Infinity,,,0.125,
0,24780965,4105738,3101052,2100201,1100034,2,1,1.0,1,Infinity,Infinity,,,,
1,24798985,4103969,3100700,2100121,1100020,2,2,2.0,2,Infinity,Infinity,,,0.02620967741935484,
2,2480003,4104740,3100845,2100152,1100024,3,2,2.0,2,Infinity,Infinity,,,0.07692307692307693,
3,24820386,4102404,3100446,2100076,1100013,2,1,1.0,1,Infinity,Infinity,,,0.08163265306122447,
4,24859144,4101018,3100196,2100025,1100005,11,1,1.0,1,Infinity,Infinity,,,0.12658227848101267,
0,24913331,4100606,3100118,2100189,1100002,2,6,6.0,6,Infinity,Infinity,,,0.0365296803652968,
1,24915642,238060202,238060200,238060000,238000000,2,2,2.0,2,Infinity,Infinity,,,0.05263157894736842,
2,24937952,4102314,3100423,2100070,1100013,2,2,2.0,2,Infinity,Infinity,,,0.07142857142857142,
3,24940711,4103735,3100659,2100110,1100019,2,5,5.0,5,Infinity,Infinity,,,0.14035087719298245,
4,24966613,4101976,3100373,2100062,1100011,2,2,2.0,2,Infinity,Infinity,,,0.17073170731707318,
0,25015671,4100043,3100007,2100002,1100000,2,26,26.0,26,Infinity,Infinity,,,0.05660377358490566,
1,25066192,4104259,3100751,2100134,1100022,4,1,1.0,1,Infinity,Infinity,,,0.3333333333333333,
2,2506933,4101976,3100373,2100062,1100011,2,2,2.0,2,Infinity,Infinity,,,0.17073170731707318,
3,25137186,4103359,3100604,2100097,1100018,2,3,3.0,3,Infinity,Infinity,,,0.09090909090909093,
0,25140559,4101447,3100274,2100039,1100007,2,28,28.0,28,Infinity,Infinity,,,0.07783783783783782,
1,2514115,4100056,3100009,2100002,1100000,2,22,22.0,22,Infinity,Infinity,,,0.10227272727272728,
2,25183165,4103787,3100669,2100186,1100017,2,42,42.0,42,Infinity,Infinity,,,0.09302325581395347,
3,25211303,4100690,3100141,2100013,1100002,2,3,3.0,3,Infinity,Infinity,,,0.027707808564231738,
4,25237887,4105832,3101075,2100206,1100015,2,7,7.0,7,Infinity,Infinity,,,0.15,
0,25252686,4104439,3100795,2100141,1100022,2,1,1.0,1,Infinity,Infinity,,,0.0625,
1,25261663,4102787,3100500,2100081,1100014,2,61,61.0,61,Infinity,Infinity,,,0.08695652173913042,
2,25294972,4105644,3100302,2100046,1100009,2,13,13.0,13,Infinity,Infinity,,,,
3,25370532,4102059,3100384,2100063,1100011,2,5,5.0,5,Infinity,Infinity,,,0.09090909090909093,
4,2537988,4105738,3101052,2100201,1100034,2,1,1.0,1,Infinity,Infinity,,,,
0,25437071,4105738,3101052,2100201,1100034,5,1,1.0,1,Infinity,Infinity,,,,
1,25454397,4101683,3100321,2100050,1100009,2,15,15.0,15,Infinity,Infinity,,,0.03571428571428571,
2,25497144,4100467,3100087,2100010,1100002,2,1,1.0,1,Infinity,Infinity,,,0.125,
3,25517409,233010207,233010200,233010000,233000000,2,2,2.0,2,Infinity,Infinity,,,0.043902439024390234,
4,25564315,4102184,3100399,2100066,1100012,2,43,43.0,43,Infinity,Infinity,,,0.05263157894736842,
0,25570711,4101402,3100266,2100037,1100007,2,5,5.0,5,Infinity,Infinity,,,0.061224489795918366,
1,25572194,239010201,239010200,239010000,239000000,2,1,1.0,1,Infinity,Infinity,,,0.08478802992518704,
2,25585166,4102416,3100447,2100076,1100013,3,2,2.0,2,Infinity,Infinity,,,0.06306306306306306,
3,25601258,4102417,3100447,2100076,1100013,2,4,4.0,4,Infinity,Infinity,,,0.05128205128205128,
0,25606852,4100551,3100106,2100011,1100002,2,1,1.0,1,Infinity,Infinity,,,0.06912442396313365,
1,25665380,4104963,3100876,2100160,1100026,2,27,27.0,27,Infinity,Infinity,,,0.026490066225165563,
2,25666929,4103230,3100581,2100095,1100018,2,2,2.0,2,Infinity,Infinity,,,1.0,
3,25675820,4104261,3100751,2100134,1100022,3,1,1.0,1,Infinity,Infinity,,,0.08571428571428573,
4,25684483,235020108,235020100,235020000,235000000,2,42,42.0,42,Infinity,Infinity,,,0.05194805194805195,
0,25693712,4104347,3100770,2100137,1100022,2,1,1.0,1,Infinity,Infinity,,,0.16279069767441862,
1,25694745,4104975,3100877,2100161,1100026,2,6,6.0,6,Infinity,Infinity,,,0.03448275862068965,
2,2570045,4101392,3100266,2100037,1100007,2,92,92.0,92,Infinity,Infinity,,,0.02994011976047904,
3,25712702,4100495,3100094,2100010,1100002,4,26,26.0,26,Infinity,Infinity,,,0.054054054054054064,
4,25760733,4101811,3100345,2100056,1100010,2,7,7.0,7,Infinity,Infinity,,,0.06557377049180327,
0,25777355,4100751,3100154,2100015,1100003,2,3,3.0,3,Infinity,Infinity,,,0.057142857142857134,
1,25800678,4102271,3100414,2100069,1100013,2,11,11.0,11,Infinity,Infinity,,,0.1,
2,25817050,4104505,3100808,2100142,1100023,3,8,8.0,8,Infinity,Infinity,,,0.08064516129032258,
3,25842975,4100754,3100155,2100015,1100003,2,18,18.0,18,Infinity,Infinity,,,0.020202020202020204,
0,2586263,238010204,238010200,238010000,238000000,3,1,1.0,1,Infinity,Infinity,,,0.09027777777777778,
1,25881051,4105324,3100930,2100179,1100005,12,1,1.0,1,Infinity,Infinity,,,0.4,
2,25897298,4101664,3100316,2100049,1100009,2,1,1.0,1,Infinity,Infinity,,,0.0967741935483871,
3,2590391,4105738,3101052,2100201,1100034,2,1,1.0,1,Infinity,Infinity,,,,
4,2600694,4105738,3101052,2100201,1100034,2,1,1.0,1,Infinity,Infinity,,,,
0,26016735,4105738,3101052,2100201,1100034,2,1,1.0,1,Infinity,Infinity,,,,
1,26046203,4105738,3101052,2100201,1100034,2,1,1.0,1,Infinity,Infinity,,,,
2,26047366,4102161,3100396,2100065,1100011,3,1,1.0,1,Infinity,Infinity,,,0.0891089108910891,
3,2610495,4105738,3101052,2100201,1100034,2,1,1.0,1,Infinity,Infinity,,,,
4,26133704,4105738,3101052,2100201,1100034,2,1,1.0,1,Infinity,Infinity,,,,
0,26192132,4105738,3101052,2100201,1100034,2,1,1.0,1,Infinity,Infinity,,,,
1,26218547,4105738,3101052,2100201,1100034,2,1,1.0,1,Infinity,Infinity,,,,
2,26233886,4105738,3101052,2100201,1100034,2,1,1.0,1,Infinity,Infinity,,,,
3,26236570,4105738,3101052,2100201,1100034,2,1,1.0,1,Infinity,Infinity,,,,
0,26238363,4105738,3101052,2100201,1100034,2,1,1.0,1,Infinity,Infinity,,,,
1,26246467,4105738,3101052,2100201,1100034,2,1,1.0,1,Infinity,Infinity,,,,
2,26263020,4105738,3101052,2100201,1100034,2,1,1.0,1,Infinity,Infinity,,,,
3,2653398,4105201,3100917,2100086,1100015,2,11,11.0,11,Infinity,Infinity,,,0.050724637681159424,
4,2672362,4102604,3100479,2100079,1100014,2,2,2.0,2,Infinity,Infinity,,,0.17037037037037034,
0,2729925,4105738,3101052,2100201,1100034,2,1,1.0,1,Infinity,Infinity,,,,
1,2732285,4105738,3101052,2100201,1100034,2,1,1.0,1,Infinity,Infinity,,,,
2,2733872,4100362,3100063,2100009,1100002,2,1,1.0,1,Infinity,Infinity,,,0.08888888888888889,
3,2765742,233090103,233090100,233090000,233000000,2,30,30.0,30,Infinity,Infinity,,,0.08842652795838751,
4,2849081,4105738,3101052,2100201,1100034,2,1,1.0,1,Infinity,Infinity,,,,
0,2854035,4104250,3100747,2100133,1100022,2,5,5.0,5,Infinity,Infinity,,,0.045977011494252866,
1,2883071,4103133,3100565,2100093,1100017,2,6,6.0,6,Infinity,Infinity,,,0.009009009009009007,
2,2883361,4100199,3100020,2100006,1100001,2,11,11.0,11,Infinity,Infinity,,,0.0660377358490566,
3,2923396,4102160,3100396,2100065,1100011,2,32,32.0,32,Infinity,Infinity,,,0.25,
4,2929317,4103758,3100927,2100185,1100017,2,7,7.0,7,Infinity,Infinity,,,0.07272727272727272,
0,2943805,4105738,3101052,2100201,1100034,2,1,1.0,1,Infinity,Infinity,,,,
1,2944795,4104534,3100812,2100146,1100023,2,1,1.0,1,Infinity,Infinity,,,0.1518987341772152,
2,2958612,4101463,3100278,2100041,1100007,2,4,4.0,4,Infinity,Infinity,,,0.03448275862068965,
3,2971530,4105738,3101052,2100201,1100034,2,1,1.0,1,Infinity,Infinity,,,,
0,2993623,232062601,232062600,232060000,232000000,2,35,35.0,35,Infinity,Infinity,,,0.09375,
1,3000439,4104744,3100845,2100152,1100024,2,4,4.0,4,Infinity,Infinity,,,0.09090909090909093,
2,3059024,4105738,3101052,2100201,1100034,2,1,1.0,1,Infinity,Infinity,,,,
3,3065059,4103176,3100572,2100094,1100017,2,3,3.0,3,Infinity,Infinity,,,0.04,
4,3069037,4101374,3100262,2100030,1100006,2,1,1.0,1,Infinity,Infinity,,,0.04048582995951417,
0,3070893,4100655,3100131,2100013,1100002,2,5,5.0,5,Infinity,Infinity,,,0.02527646129541864,
1,3075023,4103052,3100549,2100092,1100017,2,55,55.0,55,Infinity,Infinity,,,0.0891089108910891,
2,3076182,4101670,3100317,2100049,1100009,2,2,2.0,2,Infinity,Infinity,,,0.08275862068965517,
3,3082534,4105377,3100970,2100180,1100005,2,15,15.0,15,Infinity,Infinity,,,0.25,
4,3091218,4101978,3100373,2100062,1100011,2,6,6.0,6,Infinity,Infinity,,,0.0851063829787234,
0,3100030,4103695,3100652,2100108,1100019,3,2,2.0,2,Infinity,Infinity,,,0.07719298245614035,
1,3108290,4101043,3100200,2100025,1100005,4,10,10.0,10,Infinity,Infinity,,,0.2907801418439716,
2,3111470,4102966,3100532,2100090,1100016,2,4,4.0,4,Infinity,Infinity,,,0.1111111111111111,
3,3112852,4101997,3100375,2100062,1100011,2,1,1.0,1,Infinity,Infinity,,,0.040540540540540536,
0,3137064,4102001,3100375,2100062,1100011,2,1,1.0,1,Infinity,Infinity,,,,
1,3143390,238050402,238050400,238050000,238000000,2,2,2.0,2,Infinity,Infinity,,,0.030927835051546393,
2,3150445,4105738,3101052,2100201,1100034,2,1,1.0,1,Infinity,Infinity,,,,
3,3166290,4102900,3100521,2100089,1100016,2,3,3.0,3,Infinity,Infinity,,,0.03875968992248062,
4,3171210,4105738,3101052,2100201,1100034,2,1,1.0,1,Infinity,Infinity,,,,
0,3180043,4105738,3101052,2100201,1100034,2,1,1.0,1,Infinity,Infinity,,,,
1,3189238,4102339,3100428,2100072,1100013,2,1,1.0,1,Infinity,Infinity,,,0.0410958904109589,
2,3205131,4100286,3100049,2100008,1100001,4,6,6.0,6,Infinity,Infinity,,,0.02185792349726776,
3,3212860,4100449,3100083,2100009,1100002,2,1,1.0,1,Infinity,Infinity,,,0.03139013452914798,
4,3251602,4101125,3100211,2100028,1100005,7,1,1.0,1,Infinity,Infinity,,,0.10714285714285714,
0,3290251,4103887,3100686,2100120,1100020,3,2,2.0,2,Infinity,Infinity,,,0.0625,
1,3299520,4101256,3100234,2100033,1100006,2,18,18.0,18,Infinity,Infinity,,,0.1875,
2,3300601,4104904,3100865,2100154,1100024,2,5,5.0,5,Infinity,Infinity,,,0.03571428571428571,
3,3308730,4102483,3100458,2100077,1100013,2,5,5.0,5,Infinity,Infinity,,,0.06896551724137931,
4,3308730,4105189,3100915,2100174,1100027,3,1,1.0,1,Infinity,Infinity,,,0.1153846153846154,
0,3353775,4103588,3100638,2100105,1100019,3,1,1.0,1,Infinity,Infinity,,,0.1953125,
1,3376508,4103530,3100631,2100103,1100019,2,4,4.0,4,Infinity,Infinity,,,0.04819277108433735,
2,3378847,4100352,3100047,2100008,1100001,2,1,1.0,1,Infinity,Infinity,,,0.04975124378109453,
3,3382691,232050703,232050700,232050000,232000000,2,1,1.0,1,Infinity,Infinity,,,0.05040650406504065,
0,3392757,4101476,3100279,2100041,1100007,2,5,5.0,5,Infinity,Infinity,,,0.047619047619047616,
1,3404215,4104066,3100716,2100122,1100020,2,18,18.0,18,Infinity,Infinity,,,0.018867924528301886,
2,3407420,4101288,3100241,2100033,1100006,2,9,9.0,9,Infinity,Infinity,,,0.03389830508474576,
3,3418675,4102931,3100527,2100089,1100016,3,1,1.0,1,Infinity,Infinity,,,0.04395604395604396,
4,3436004,4101391,3100266,2100037,1100007,2,8,8.0,8,Infinity,Infinity,,,0.01492537313432836,
0,3453762,4104281,3100755,2100134,1100022,2,1,1.0,1,Infinity,Infinity,,,0.060606060606060615,
1,3457747,4104286,3100755,2100134,1100022,2,1,1.0,1,Infinity,Infinity,,,0.10416666666666667,
2,3466447,4100235,3100040,2100006,1100001,2,1,1.0,1,Infinity,Infinity,,,0.08653846153846154,
3,3475308,4104785,3100851,2100153,1100024,2,2,2.0,2,Infinity,Infinity,,,0.044715447154471545,
0,3498398,232062504,232062500,232060000,232000000,2,5,5.0,5,Infinity,Infinity,,,0.06821282401091405,
1,3514363,4104447,3100797,2100142,1100023,2,27,27.0,27,Infinity,Infinity,,,0.031372549019607836,
2,3518118,4103749,3100661,2100110,1100019,2,1,1.0,1,Infinity,Infinity,,,0.11229946524064173,
3,3523048,4105181,3100913,2100173,1100027,2,12,12.0,12,Infinity,Infinity,,,0.036036036036036036,
4,3540578,4101777,3100340,2100056,1100010,3,6,6.0,6,Infinity,Infinity,,,0.125,
0,3549117,4105397,3100973,2100180,1100005,2,6,6.0,6,Infinity,Infinity,,,0.13793103448275862,
1,3549117,4105392,3100972,2100180,1100005,3,18,18.0,18,Infinity,Infinity,,,0.05882352941176471,
2,3550379,4102999,3100536,2100090,1100016,2,1,1.0,1,Infinity,Infinity,,,0.07339449541284404,
3,3553474,4104077,3100956,2100186,1100017,2,3,3.0,3,Infinity,Infinity,,,0.08629441624365483,
4,3572476,4103596,3100639,2100105,1100019,2,1,1.0,1,Infinity,Infinity,,,0.07567567567567568,
0,3582517,4100949,3100185,2100023,1100005,4,1,1.0,1,Infinity,Infinity,,,0.24,
1,3585204,4103383,3100608,2100097,1100018,2,3,3.0,3,Infinity,Infinity,,,0.05555555555555555,
2,3587596,4100209,3100035,2100006,1100001,2,6,6.0,6,Infinity,Infinity,,,0.05660377358490566,
3,3589095,4101804,3100344,2100056,1100010,2,3,3.0,3,Infinity,Infinity,,,0.09090909090909093,
4,3604531,4102290,3100418,2100070,1100013,2,2,2.0,2,Infinity,Infinity,,,0.08411214953271028,
0,3606637,4105303,3100988,2100026,1100005,2,39,39.0,39,Infinity,Infinity,,,0.15,
1,3607467,4104796,3100853,2100153,1100024,2,1,1.0,1,Infinity,Infinity,,,0.05681818181818181,
2,3640869,4101887,3100359,2100060,1100010,2,11,11.0,11,Infinity,Infinity,,,0.0784313725490196,
3,3649551,4105738,3101052,2100201,1100034,2,1,1.0,1,Infinity,Infinity,,,,
0,3658552,4101690,3100323,2100051,1100010,3,1,1.0,1,Infinity,Infinity,,,0.027777777777777776,
1,3662847,232062802,232062800,232060000,232000000,2,1,1.0,1,Infinity,Infinity,,,0.056224899598393566,
2,3664289,4105738,3101052,2100201,1100034,2,1,1.0,1,Infinity,Infinity,,,,
3,3674456,4105738,3101052,2100201,1100034,2,1,1.0,1,Infinity,Infinity,,,,
4,3675090,4102359,3100433,2100073,1100013,2,6,6.0,6,Infinity,Infinity,,,0.02469135802469136,
0,3681753,4105738,3101052,2100201,1100034,2,1,1.0,1,Infinity,Infinity,,,,
1,3690587,4100716,3100148,2100013,1100002,3,1,1.0,1,Infinity,Infinity,,,0.04326923076923077,
2,3700440,4105738,3101052,2100201,1100034,2,1,1.0,1,Infinity,Infinity,,,,
3,3704488,4105212,3100922,2100177,1100017,2,1,1.0,1,Infinity,Infinity,,,0.25,
4,3739855,4105738,3101052,2100201,1100034,2,1,1.0,1,Infinity,Infinity,,,,
0,3745626,4105738,3101052,2100201,1100034,2,1,1.0,1,Infinity,Infinity,,,,
1,3748061,4104122,3100726,2100125,1100020,2,1,1.0,1,Infinity,Infinity,,,0.16,
2,3795935,4100659,3100132,2100013,1100002,2,8,8.0,8,Infinity,Infinity,,,0.06976744186046513,
3,3796744,4101093,3100206,2100026,1100005,29,1,1.0,1,Infinity,Infinity,,,0.979179810725552,
0,3831951,4100485,3100092,2100010,1100002,2,1,1.0,1,Infinity,Infinity,,,0.05617977528089888,
1,3837084,4103379,3100607,2100097,1100018,3,1,1.0,1,Infinity,Infinity,,,0.04,
2,3855241,4101256,3100234,2100033,1100006,2,18,18.0,18,Infinity,Infinity,,,0.1875,
3,3857643,4101020,3100196,2100025,1100005,2,8,8.0,8,Infinity,Infinity,,,0.08108108108108109,
4,3880570,4105062,3100893,2100166,1100027,2,18,18.0,18,Infinity,Infinity,,,0.028953229398663693,
0,3926136,4104353,3100773,2100137,1100022,3,1,1.0,1,Infinity,Infinity,,,0.07092198581560284,
1,3942107,4102671,3100486,2100083,1100014,2,6,6.0,6,Infinity,Infinity,,,0.2307692307692308,
2,3972935,4105738,3101052,2100201,1100034,2,1,1.0,1,Infinity,Infinity,,,,
3,3978633,4101093,3100206,2100026,1100005,27,1,1.0,1,Infinity,Infinity,,,0.979179810725552,
4,3985830,4105406,3100975,2100180,1100005,2,1,1.0,1,Infinity,Infinity,,,0.1,
5,3985830,4105330,3100964,2100180,1100005,4,1,1.0,1,Infinity,Infinity,,,0.2,
0,4012916,232050104,232050100,232050000,232000000,2,5,5.0,5,Infinity,Infinity,,,0.06285714285714286,
1,4022134,4103407,3100613,2100098,1100018,2,3,3.0,3,Infinity,Infinity,,,0.125,
2,4024800,4100390,3100068,2100009,1100002,2,1,1.0,1,Infinity,Infinity,,,0.10638297872340426,
0,4048685,4102533,3100466,2100077,1100013,2,1,1.0,1,Infinity,Infinity,,,0.0625,
1,4061755,4105611,3100998,2100029,1100005,2,3,3.0,3,Infinity,Infinity,,,0.2307692307692308,
2,4063555,4100580,3100112,2100011,1100002,2,1,1.0,1,Infinity,Infinity,,,0.025835866261398176,
3,4078397,4100532,3100103,2100010,1100002,2,11,11.0,11,Infinity,Infinity,,,0.07784431137724551,
4,4083844,4105524,3100945,2100182,1100005,8,54,54.0,54,Infinity,Infinity,,,0.5,
0,4156423,4104827,3100857,2100154,1100024,2,14,14.0,14,Infinity,Infinity,,,0.07142857142857142,
1,4177618,4105212,3100922,2100177,1100017,2,1,1.0,1,Infinity,Infinity,,,0.25,
2,4185489,4100381,3100066,2100009,1100002,2,2,2.0,2,Infinity,Infinity,,,0.08088235294117647,
3,4187929,4105738,3101052,2100201,1100034,2,1,1.0,1,Infinity,Infinity,,,,
4,4199503,4102248,3100411,2100069,1100013,2,37,37.0,37,Infinity,Infinity,,,0.06,
0,4209638,4100235,3100040,2100006,1100001,2,1,1.0,1,Infinity,Infinity,,,0.08653846153846154,
1,4212550,4103409,3100613,2100098,1100018,2,1,1.0,1,Infinity,Infinity,,,0.04166666666666666,
2,4253007,4105738,3101052,2100201,1100034,2,1,1.0,1,Infinity,Infinity,,,,
3,4276528,4100195,3100033,2100006,1100001,2,1,1.0,1,Infinity,Infinity,,,0.11688311688311688,
0,4287290,4103930,3100693,2100120,1100020,3,2,2.0,2,Infinity,Infinity,,,0.08333333333333333,
1,4291682,4103261,3100586,2100095,1100018,2,16,16.0,16,Infinity,Infinity,,,0.08695652173913042,
2,4300278,4100593,3100116,2100189,1100002,2,17,17.0,17,Infinity,Infinity,,,0.027777777777777776,
3,4303864,4105738,3101052,2100201,1100034,2,1,1.0,1,Infinity,Infinity,,,,
4,4347489,4105189,3100915,2100174,1100027,2,1,1.0,1,Infinity,Infinity,,,0.1153846153846154,
0,4378172,4105738,3101052,2100201,1100034,2,1,1.0,1,Infinity,Infinity,,,,
1,4467799,4105283,3100203,2100026,1100005,4,3,3.0,3,Infinity,Infinity,,,0.125,
2,4514783,4104325,3100766,2100136,1100022,3,1,1.0,1,Infinity,Infinity,,,,
3,4523542,4104772,3100849,2100153,1100024,2,2,2.0,2,Infinity,Infinity,,,0.2,
4,4527571,4103999,3100706,2100121,1100020,2,2,2.0,2,Infinity,Infinity,,,0.07142857142857142,
0,4601292,4104338,3100769,2100136,1100022,2,1,1.0,1,Infinity,Infinity,,,0.047244094488188976,
1,4625158,4105738,3101052,2100201,1100034,2,1,1.0,1,Infinity,Infinity,,,,
2,4681744,4102591,3100172,2100020,1100004,2,1,1.0,1,Infinity,Infinity,,,0.03879310344827586,
3,4700989,4104946,3100873,2100160,1100026,4,2,2.0,2,Infinity,Infinity,,,0.17297297297297298,
4,4729847,4103830,3100678,2100115,1100017,2,1,1.0,1,Infinity,Infinity,,,0.0989010989010989,
0,4771352,4103466,3100621,2100100,1100019,3,3,3.0,3,Infinity,Infinity,,,0.12903225806451613,
1,4776146,4105738,3101052,2100201,1100034,2,1,1.0,1,Infinity,Infinity,,,,
2,4788051,4101668,3100317,2100049,1100009,2,1,1.0,1,Infinity,Infinity,,,0.03954802259887006,
3,4791772,4105738,3101052,2100201,1100034,2,1,1.0,1,Infinity,Infinity,,,,
0,4822254,4105738,3101052,2100201,1100034,2,1,1.0,1,Infinity,Infinity,,,,
1,4836903,4104264,3100751,2100134,1100022,2,1,1.0,1,Infinity,Infinity,,,0.1,
2,4875769,4100174,3100029,2100006,1100001,2,1,1.0,1,Infinity,Infinity,,,0.06451612903225806,
3,4911949,4105738,3101052,2100201,1100034,2,1,1.0,1,Infinity,Infinity,,,,
4,4914703,4101481,3100280,2100041,1100007,2,3,3.0,3,Infinity,Infinity,,,0.05,
0,4927487,4103450,3100618,2100099,1100019,2,2,2.0,2,Infinity,Infinity,,,0.043478260869565216,
1,4946775,4100889,3100176,2100021,1100004,3,7,7.0,7,Infinity,Infinity,,,0.225,
2,4947399,4101665,3100316,2100049,1100009,3,1,1.0,1,Infinity,Infinity,,,0.040540540540540536,
3,5018753,4103048,3100549,2100092,1100017,2,19,19.0,19,Infinity,Infinity,,,0.047619047619047616,
4,5025865,4101863,3100355,2100059,1100010,2,57,57.0,57,Infinity,Infinity,,,0.07692307692307693,
0,5038598,4105277,3100200,2100025,1100005,2,3,3.0,3,Infinity,Infinity,,,0.12903225806451613,
1,5053640,4101877,3100358,2100060,1100010,2,1,1.0,1,Infinity,Infinity,,,0.07291666666666667,
2,5092229,4105738,3101052,2100201,1100034,2,1,1.0,1,Infinity,Infinity,,,,
3,5103637,4105738,3101052,2100201,1100034,2,1,1.0,1,Infinity,Infinity,,,,
0,5111930,4104599,3100822,2100148,1100023,2,3,3.0,3,Infinity,Infinity,,,0.12280701754385966,
1,5130618,4102648,3100483,2100082,1100014,35,2,1.0,1,Infinity,Infinity,,,0.30303030303030304,
2,5156760,4103419,3100615,2100098,1100018,2,21,21.0,21,Infinity,Infinity,,,0.0784313725490196,
3,5168288,4105738,3101052,2100201,1100034,2,1,1.0,1,Infinity,Infinity,,,,
4,5180627,4100981,3100191,2100025,1100005,5,31,31.0,31,Infinity,Infinity,,,0.4579439252336449,
0,5184199,4104557,3100815,2100146,1100023,2,3,3.0,3,Infinity,Infinity,,,0.16666666666666666,
1,5200222,4100698,3100143,2100013,1100002,2,1,1.0,1,Infinity,Infinity,,,0.05128205128205128,
2,5208864,4105738,3101052,2100201,1100034,2,1,1.0,1,Infinity,Infinity,,,,
3,5270679,4102285,3100417,2100070,1100013,2,31,31.0,31,Infinity,Infinity,,,0.07407407407407407,
4,5331669,4101835,3100349,2100057,1100010,2,3,3.0,3,Infinity,Infinity,,,0.14285714285714285,
0,5342609,4102573,3100473,2100078,1100013,2,1,1.0,1,Infinity,Infinity,,,0.034383954154727794,
1,5349585,4105738,3101052,2100201,1100034,2,1,1.0,1,Infinity,Infinity,,,,
2,5399596,4104667,3100833,2100150,1100023,2,11,11.0,11,Infinity,Infinity,,,0.031818181818181815,
3,5408651,4105738,3101052,2100201,1100034,2,1,1.0,1,Infinity,Infinity,,,,
0,5430386,4103702,3100653,2100109,1100019,2,8,8.0,8,Infinity,Infinity,,,0.125,
1,5432468,4102922,3100525,2100089,1100016,2,2,2.0,2,Infinity,Infinity,,,0.04651162790697674,
2,5435679,4103234,3100581,2100095,1100018,2,3,3.0,3,Infinity,Infinity,,,,
3,5450669,4104705,3100840,2100152,1100024,2,1,1.0,1,Infinity,Infinity,,,0.2735849056603773,
4,5461397,4103280,3100589,2100095,1100018,2,1,1.0,1,Infinity,Infinity,,,0.09523809523809523,
0,5474344,4100174,3100029,2100006,1100001,2,1,1.0,1,Infinity,Infinity,,,0.06451612903225806,
1,5484511,4105113,3100902,2100169,1100027,2,5,5.0,5,Infinity,Infinity,,,0.125,
2,5485363,4100345,3100059,2100007,1100001,2,1,1.0,1,Infinity,Infinity,,,0.2380952380952381,
3,5532990,4102090,3100388,2100064,1100011,2,2,2.0,2,Infinity,Infinity,,,0.10526315789473684,
4,5534655,4104343,3100769,2100136,1100022,2,1,1.0,1,Infinity,Infinity,,,0.02830188679245283,
0,5537832,4104927,3100869,2100157,1100025,2,41,41.0,41,Infinity,Infinity,,,0.16666666666666666,
1,5540780,4104645,3100830,2100150,1100023,2,10,10.0,10,Infinity,Infinity,,,0.02666666666666667,
2,5575335,4105036,3100889,2100164,1100027,11,1,1.0,1,Infinity,Infinity,,,0.016666666666666666,
3,5582071,4102962,3100531,2100090,1100016,2,5,5.0,5,Infinity,Infinity,,,0.1176470588235294,
4,5608977,232062207,232062200,232060000,232000000,2,4,4.0,4,Infinity,Infinity,,,0.040865384615384616,
0,5651412,232070202,232070200,232070000,232000000,2,24,24.0,24,Infinity,Infinity,,,0.09345794392523364,
1,5655537,4105154,3100910,2100171,1100027,2,15,15.0,15,Infinity,Infinity,,,0.3333333333333333,
2,5662363,4103839,3100679,2100187,1100017,2,4,4.0,4,Infinity,Infinity,,,0.04032258064516129,
3,5667701,4105738,3101052,2100201,1100034,2,1,1.0,1,Infinity,Infinity,,,,
0,5763189,4100767,3100157,2100015,1100003,2,5,5.0,5,Infinity,Infinity,,,0.08333333333333333,
1,5767705,4104003,3100706,2100121,1100020,2,3,3.0,3,Infinity,Infinity,,,0.12345679012345677,
2,5791444,4101848,3100352,2100058,1100010,2,10,10.0,10,Infinity,Infinity,,,0.06593406593406594,
3,5816333,4105738,3101052,2100201,1100034,2,1,1.0,1,Infinity,Infinity,,,,
4,5817936,4104174,3100733,2100127,1100021,2,22,22.0,22,Infinity,Infinity,,,0.06382978723404255,
0,5826898,4105139,3100907,2100171,1100027,2,5,5.0,5,Infinity,Infinity,,,0.125,
1,5844828,4101968,3100371,2100062,1100011,2,6,6.0,6,Infinity,Infinity,,,0.16666666666666666,
2,5866382,4102742,3100494,2100080,1100014,2,1,1.0,1,Infinity,Infinity,,,0.1111111111111111,
3,5874064,4103141,3100566,2100093,1100017,2,1,1.0,1,Infinity,Infinity,,,0.032085561497326213,
4,5894245,4102930,3100527,2100089,1100016,2,6,6.0,6,Infinity,Infinity,,,0.07627118644067797,
0,5924415,232062208,232062200,232060000,232000000,2,5,5.0,5,Infinity,Infinity,,,0.07168458781362007,
1,5926963,4100662,3100133,2100013,1100002,2,1,1.0,1,Infinity,Infinity,,,0.03571428571428571,
2,5962656,4101093,3100206,2100026,1100005,10,1,1.0,1,Infinity,Infinity,,,0.979179810725552,
3,5978619,4104022,3100709,2100121,1100020,2,1,1.0,1,Infinity,Infinity,,,0.09090909090909093,
0,5991509,4105738,3101052,2100201,1100034,2,1,1.0,1,Infinity,Infinity,,,,
1,6055214,4103923,3100692,2100120,1100020,2,1,1.0,1,Infinity,Infinity,,,0.10344827586206896,
2,6082453,232063801,232063800,232060000,232000000,2,1,1.0,1,Infinity,Infinity,,,0.060747663551401876,
3,6137435,4101669,3100317,2100049,1100009,2,5,5.0,5,Infinity,Infinity,,,0.01932367149758454,
4,6166933,4100650,3100131,2100013,1100002,2,11,11.0,11,Infinity,Infinity,,,0.026615969581749048,
0,6192695,4100915,3100180,2100021,1100004,2,1,1.0,1,Infinity,Infinity,,,0.061728395061728385,
1,6246899,4103075,3100555,2100093,1100017,2,1,1.0,1,Infinity,Infinity,,,0.08974358974358974,
2,6253868,233090605,233090600,233090000,233000000,2,1,1.0,1,Infinity,Infinity,,,0.14380530973451328,
3,6279778,4103846,3100680,2100116,1100020,2,2,2.0,2,Infinity,Infinity,,,0.049180327868852465,
4,6294644,4101128,3100211,2100028,1100005,2,1,1.0,1,Infinity,Infinity,,,0.1076923076923077,
0,6313785,4105647,3100952,2100184,1100030,5,17,17.0,17,Infinity,Infinity,,,0.3703703703703704,
1,6326696,4105667,3100701,2100121,1100020,2,3,3.0,3,Infinity,Infinity,,,0.1111111111111111,
2,6332024,4102259,3100413,2100069,1100013,2,1,1.0,1,Infinity,Infinity,,,0.014705882352941175,
3,6348229,4102899,3100521,2100089,1100016,2,1,1.0,1,Infinity,Infinity,,,0.051020408163265314,
0,6384713,4101899,3100360,2100060,1100010,2,11,11.0,11,Infinity,Infinity,,,0.05,
1,6404455,4101390,3100266,2100037,1100007,2,37,37.0,37,Infinity,Infinity,,,0.05333333333333334,
2,6416239,4101000,3100194,2100025,1100005,2,53,53.0,53,Infinity,Infinity,,,0.15789473684210525,
3,6446517,4100883,3100175,2100021,1100004,2,41,41.0,41,Infinity,Infinity,,,0.10526315789473684,
4,6453868,4100970,3100190,2100025,1100005,3,1,1.0,1,Infinity,Infinity,,,0.1,
0,6493429,4101571,3100300,2100046,1100009,2,17,17.0,17,Infinity,Infinity,,,0.08,
1,6497260,239030207,239030200,239030000,239000000,2,1,1.0,1,Infinity,Infinity,,,0.0243531202435312,
2,6504508,232062504,232062500,232060000,232000000,2,5,5.0,5,Infinity,Infinity,,,0.06821282401091405,
3,6514646,4105738,3101052,2100201,1100034,2,1,1.0,1,Infinity,Infinity,,,,
4,6530402,233040110,233040100,233040000,233000000,2,3,3.0,3,Infinity,Infinity,,,0.08664898320070734,
0,6537247,4100194,3100033,2100006,1100001,2,1,1.0,1,Infinity,Infinity,,,0.07317073170731707,
1,6541176,4103876,3100684,2100119,1100017,3,62,62.0,62,Infinity,Infinity,,,0.07476635514018691,
2,6542707,4100158,3100027,2100006,1100001,2,10,10.0,10,Infinity,Infinity,,,0.08333333333333333,
3,6543569,4104855,3100845,2100152,1100024,2,12,12.0,12,Infinity,Infinity,,,0.04878048780487805,
0,6544108,4105738,3101052,2100201,1100034,2,1,1.0,1,Infinity,Infinity,,,,
1,6556777,4105738,3101052,2100201,1100034,2,1,1.0,1,Infinity,Infinity,,,,
2,6563009,4101417,3100270,2100039,1100007,3,5,5.0,5,Infinity,Infinity,,,0.1111111111111111,
3,6592313,4100573,3100111,2100189,1100002,2,3,3.0,3,Infinity,Infinity,,,0.009708737864077669,
4,6609877,4103867,3100683,2100119,1100017,2,7,7.0,7,Infinity,Infinity,,,0.11494252873563217,
0,6619202,4103533,3100631,2100103,1100019,2,16,16.0,16,Infinity,Infinity,,,0.06329113924050632,
1,6624290,4104267,3100753,2100134,1100022,2,1,1.0,1,Infinity,Infinity,,,0.038461538461538464,
2,6710635,4105738,3101052,2100201,1100034,2,1,1.0,1,Infinity,Infinity,,,,
3,6719172,4103170,3100572,2100094,1100017,2,4,4.0,4,Infinity,Infinity,,,0.15350877192982454,
4,6721706,4101963,3100370,2100062,1100011,2,1,1.0,1,Infinity,Infinity,,,0.08,
0,6735337,233080124,233080100,233080000,233000000,2,1,1.0,1,Infinity,Infinity,,,0.02974759615384615,
1,6750404,4102529,3100465,2100077,1100013,2,1,1.0,1,Infinity,Infinity,,,0.026119402985074626,
2,6788122,4103858,3100681,2100117,1100017,2,1,1.0,1,Infinity,Infinity,,,0.030303030303030307,
3,6794268,4105079,3100897,2100167,1100027,2,6,6.0,6,Infinity,Infinity,,,0.05833333333333333,
4,6802193,4101030,3100198,2100025,1100005,2,42,42.0,42,Infinity,Infinity,,,0.0273972602739726,
0,6845526,4102985,3100534,2100090,1100016,2,2,2.0,2,Infinity,Infinity,,,0.06666666666666668,
1,6878474,4105684,3100709,2100121,1100020,2,10,10.0,10,Infinity,Infinity,,,0.15151515151515152,
2,6880472,4100154,3100026,2100006,1100001,2,2,2.0,2,Infinity,Infinity,,,0.07567567567567568,
3,6883918,238020105,238020100,238020000,238000000,2,1,1.0,1,Infinity,Infinity,,,0.033426183844011144,
0,6884713,4105112,3100902,2100169,1100027,2,5,5.0,5,Infinity,Infinity,,,0.016129032258064516,
1,6887064,4104477,3100802,2100144,1100023,2,6,6.0,6,Infinity,Infinity,,,0.09090909090909093,
2,6893389,4103095,3100559,2100093,1100017,2,6,6.0,6,Infinity,Infinity,,,0.017045454545454544,
3,6936150,4105070,3100895,2100167,1100027,2,2,2.0,2,Infinity,Infinity,,,0.043478260869565216,
4,6953589,4105738,3101052,2100201,1100034,2,1,1.0,1,Infinity,Infinity,,,,
0,6967010,4100291,3100050,2100007,1100001,2,1,1.0,1,Infinity,Infinity,,,0.03947368421052632,
1,6969003,4102987,3100535,2100090,1100016,2,6,6.0,6,Infinity,Infinity,,,0.07450980392156863,
2,6971346,4101900,3100360,2100060,1100010,2,27,27.0,27,Infinity,Infinity,,,0.02985074626865672,
3,6977726,235030101,235030100,235030000,235000000,2,1,1.0,1,Infinity,Infinity,,,0.06389776357827476,
4,6995785,232030801,232030800,232030000,232000000,2,6,6.0,6,Infinity,Infinity,,,0.14388489208633093,
0,7018966,4105738,3101052,2100201,1100034,2,1,1.0,1,Infinity,Infinity,,,,
1,7078664,4102997,3100536,2100090,1100016,6,1,1.0,1,Infinity,Infinity,,,0.04608294930875576,
2,7167548,4103245,3100583,2100095,1100018,2,25,25.0,25,Infinity,Infinity,,,0.07246376811594203,
3,7205361,4102471,3100455,2100077,1100013,2,4,4.0,4,Infinity,Infinity,,,0.17391304347826084,
4,7205361,4102475,3100456,2100077,1100013,5,4,4.0,4,Infinity,Infinity,,,0.1875,
0,7211595,4100581,3100113,2100011,1100002,2,1,1.0,1,Infinity,Infinity,,,0.02836879432624113,
1,7244063,4103890,3100687,2100120,1100020,2,5,5.0,5,Infinity,Infinity,,,0.09420289855072464,
2,7253756,4100018,3100002,2100000,1100000,2,8,8.0,8,Infinity,Infinity,,,0.04225352112676056,
3,7255789,4105212,3100922,2100177,1100017,2,1,1.0,1,Infinity,Infinity,,,0.25,
0,7272485,4103231,3100581,2100095,1100018,2,12,12.0,12,Infinity,Infinity,,,0.2857142857142857,
1,7273429,4101894,3100360,2100060,1100010,3,2,2.0,2,Infinity,Infinity,,,0.05555555555555555,
2,7294780,4104664,3100832,2100150,1100023,2,6,6.0,6,Infinity,Infinity,,,0.021052631578947368,
3,7303564,4105276,3100198,2100025,1100005,2,8,8.0,8,Infinity,Infinity,,,0.2,
4,7311605,232060201,232060200,232060000,232000000,3,28,28.0,28,Infinity,Infinity,,,0.060606060606060615,
0,7376672,4100667,3100135,2100013,1100002,2,3,3.0,3,Infinity,Infinity,,,0.022388059701492536,
1,7396095,4105445,3100934,2100181,1100005,5,1,1.0,1,Infinity,Infinity,,,0.2272727272727273,
2,7413593,4103804,3100960,2100186,1100017,2,1,1.0,1,Infinity,Infinity,,,0.02180685358255452,
3,7424920,4100530,3100103,2100010,1100002,2,13,13.0,13,Infinity,Infinity,,,0.03977272727272727,
0,7444405,4100585,3100114,2100189,1100002,2,13,13.0,13,Infinity,Infinity,,,0.037267080745341616,
1,7461014,4105738,3101052,2100201,1100034,2,1,1.0,1,Infinity,Infinity,,,,
2,7468230,4101053,3100201,2100025,1100005,2,20,20.0,20,Infinity,Infinity,,,0.25,
3,7495928,4100833,3100168,2100018,1100003,2,4,4.0,4,Infinity,Infinity,,,0.025210084033613446,
4,7547820,4104489,3100805,2100145,1100023,2,25,25.0,25,Infinity,Infinity,,,0.07142857142857142,
0,7574843,4105738,3101052,2100201,1100034,2,1,1.0,1,Infinity,Infinity,,,,
1,7579728,4102443,3100449,2100076,1100013,3,3,3.0,3,Infinity,Infinity,,,0.08387096774193549,
2,7635734,4102295,3100419,2100070,1100013,2,1,1.0,1,Infinity,Infinity,,,0.04166666666666666,
3,7679245,4105738,3101052,2100201,1100034,2,1,1.0,1,Infinity,Infinity,,,,
4,7696130,4101791,3100342,2100056,1100010,2,2,2.0,2,Infinity,Infinity,,,0.1176470588235294,
0,7719934,4104275,3100754,2100134,1100022,2,13,13.0,13,Infinity,Infinity,,,0.10483870967741936,
1,7732562,4101534,3100292,2100044,1100008,2,3,3.0,3,Infinity,Infinity,,,0.07575757575757576,
2,7737956,232063802,232063800,232060000,232000000,2,7,7.0,7,Infinity,Infinity,,,0.07397260273972603,
3,7738428,4104629,3100828,2100150,1100023,2,28,28.0,28,Infinity,Infinity,,,0.028571428571428567,
4,7753715,4100658,3100132,2100013,1100002,3,8,8.0,8,Infinity,Infinity,,,0.034013605442176874,
0,7761397,4105284,3100203,2100026,1100005,2,2,2.0,2,Infinity,Infinity,,,0.045454545454545456,
1,7801214,4104630,3100828,2100150,1100023,2,5,5.0,5,Infinity,Infinity,,,0.1518987341772152,
2,7818930,4105738,3101052,2100201,1100034,2,1,1.0,1,Infinity,Infinity,,,,
3,7843841,4101018,3100196,2100025,1100005,2,1,1.0,1,Infinity,Infinity,,,0.12658227848101267,
0,7869840,4101895,3100360,2100060,1100010,2,1,1.0,1,Infinity,Infinity,,,0.03225806451612903,
1,7875973,4103984,3100702,2100121,1100020,3,7,7.0,7,Infinity,Infinity,,,0.05882352941176471,
2,7877252,4100449,3100083,2100009,1100002,2,1,1.0,1,Infinity,Infinity,,,0.03139013452914798,
3,7907533,4101789,3100342,2100056,1100010,2,7,7.0,7,Infinity,Infinity,,,0.14285714285714285,
4,7909344,4105738,3101052,2100201,1100034,2,1,1.0,1,Infinity,Infinity,,,,
0,7954118,4105738,3101052,2100201,1100034,2,1,1.0,1,Infinity,Infinity,,,,
1,8005339,4105208,3100922,2100177,1100017,2,1,1.0,1,Infinity,Infinity,,,0.0970873786407767,
2,8021265,4103376,3100607,2100097,1100018,2,22,22.0,22,Infinity,Infinity,,,0.04615384615384616,
3,8025905,4101442,3100273,2100039,1100007,2,6,6.0,6,Infinity,Infinity,,,0.12962962962962962,
4,8028086,4103482,3100623,2100101,1100019,2,14,14.0,14,Infinity,Infinity,,,0.2,
0,8051287,232050402,232050400,232050000,232000000,2,5,5.0,5,Infinity,Infinity,,,0.07222222222222223,
1,8071232,4105738,3101052,2100201,1100034,2,1,1.0,1,Infinity,Infinity,,,,
2,8082967,4100980,3100191,2100025,1100005,2,2,2.0,2,Infinity,Infinity,,,0.16666666666666666,
3,8097215,232062604,232062600,232060000,232000000,2,62,62.0,62,Infinity,Infinity,,,0.03829787234042553,
0,8097565,4102810,3100504,2100085,1100014,11,1,1.0,1,Infinity,Infinity,,,0.1232876712328767,
1,8105381,4103145,3100567,2100093,1100017,2,63,63.0,63,Infinity,Infinity,,,0.09701492537313433,
2,8116706,232062801,232062800,232060000,232000000,2,11,11.0,11,Infinity,Infinity,,,0.046647230320699715,
3,8120459,4102429,3100448,2100076,1100013,2,3,3.0,3,Infinity,Infinity,,,0.08088235294117647,
4,8122132,4104879,3100862,2100154,1100024,2,4,4.0,4,Infinity,Infinity,,,0.08333333333333333,
0,8134619,4105738,3101052,2100201,1100034,2,1,1.0,1,Infinity,Infinity,,,,
1,8166421,4105035,3100889,2100164,1100027,2,14,14.0,14,Infinity,Infinity,,,0.04984423676012461,
2,8273098,4105738,3101052,2100201,1100034,2,1,1.0,1,Infinity,Infinity,,,,
3,8275545,4100951,3100186,2100024,1100005,3,3,3.0,3,Infinity,Infinity,,,0.38461538461538464,
4,8306229,4103861,3100682,2100118,1100017,2,5,5.0,5,Infinity,Infinity,,,0.25,
0,8338603,4102464,3100453,2100077,1100013,3,22,22.0,22,Infinity,Infinity,,,0.09090909090909093,
1,8394199,4101846,3100352,2100058,1100010,2,1,1.0,1,Infinity,Infinity,,,0.07407407407407407,
2,8473976,4101677,3100319,2100049,1100009,2,3,3.0,3,Infinity,Infinity,,,0.06097560975609756,
3,8501642,233090604,233090600,233090000,233000000,2,30,30.0,30,Infinity,Infinity,,,0.1007751937984496,
0,8511704,4104220,3100743,2100131,1100022,2,1,1.0,1,Infinity,Infinity,,,0.021052631578947368,
1,8518021,235060104,235060100,235060000,235000000,2,1,1.0,1,Infinity,Infinity,,,0.09363295880149812,
2,8533457,4102731,3100493,2100080,1100014,2,27,27.0,27,Infinity,Infinity,,,0.022727272727272728,
3,8543006,239020607,239020600,239020000,239000000,2,2,2.0,2,Infinity,Infinity,,,0.07407407407407407,
4,8548729,239010705,239010700,239010000,239000000,2,1,1.0,1,Infinity,Infinity,,,0.10309278350515463,
0,8559591,4104048,3100713,2100122,1100020,2,1,1.0,1,Infinity,Infinity,,,0.10344827586206896,
1,8574760,4104502,3100807,2100145,1100023,2,1,1.0,1,Infinity,Infinity,,,0.055248618784530384,
2,8575414,4105192,3100916,2100174,1100027,2,25,25.0,25,Infinity,Infinity,,,0.06766917293233082,
3,8575805,4105738,3101052,2100201,1100034,2,1,1.0,1,Infinity,Infinity,,,,
4,8594588,4105738,3101052,2100201,1100034,2,1,1.0,1,Infinity,Infinity,,,,
0,8623522,4101769,3100340,2100056,1100010,2,1,1.0,1,Infinity,Infinity,,,0.25,
1,8657310,4101428,3100272,2100039,1100007,2,14,14.0,14,Infinity,Infinity,,,0.023809523809523808,
2,8736566,232062102,232062100,232060000,232000000,2,14,14.0,14,Infinity,Infinity,,,0.028169014084507043,
3,8747091,4105738,3101052,2100201,1100034,2,1,1.0,1,Infinity,Infinity,,,,
0,8756112,4105738,3101052,2100201,1100034,2,1,1.0,1,Infinity,Infinity,,,,
1,8773481,232060303,232060300,232060000,232000000,2,2,2.0,2,Infinity,Infinity,,,0.09210526315789473,
2,8798101,232071201,232071200,232070000,232000000,2,3,3.0,3,Infinity,Infinity,,,0.1875,
3,8800288,4100673,3100136,2100013,1100002,4,2,2.0,2,Infinity,Infinity,,,,
4,8801315,4105738,3101052,2100201,1100034,2,1,1.0,1,Infinity,Infinity,,,,
0,8810931,4105738,3101052,2100201,1100034,2,1,1.0,1,Infinity,Infinity,,,,
1,8864418,4101461,3100278,2100041,1100007,2,23,23.0,23,Infinity,Infinity,,,0.007352941176470587,
2,8886047,4102084,3100387,2100064,1100011,6,7,7.0,7,Infinity,Infinity,,,0.1951219512195122,
3,8932797,4100566,3100109,2100189,1100002,2,15,15.0,15,Infinity,Infinity,,,0.07692307692307693,
4,8953477,4103273,3100588,2100095,1100018,2,3,3.0,3,Infinity,Infinity,,,0.1111111111111111,
0,9043264,4105738,3101052,2100201,1100034,2,1,1.0,1,Infinity,Infinity,,,,
1,9058635,4104705,3100840,2100152,1100024,2,1,1.0,1,Infinity,Infinity,,,0.2735849056603773,
2,9093789,4101810,3100345,2100056,1100010,2,3,3.0,3,Infinity,Infinity,,,,
3,9105323,4101047,3100200,2100025,1100005,2,22,22.0,22,Infinity,Infinity,,,0.07352941176470587,
4,9108398,4100114,3100018,2100005,1100000,3,1,1.0,1,Infinity,Infinity,,,0.016666666666666666,
0,9109543,4102547,3100469,2100077,1100013,2,22,22.0,22,Infinity,Infinity,,,0.061728395061728385,
1,9115460,238010208,238010200,238010000,238000000,2,13,13.0,13,Infinity,Infinity,,,0.14084507042253522,
2,9130594,4102361,3100434,2100073,1100013,2,3,3.0,3,Infinity,Infinity,,,0.060606060606060615,
3,9137230,4105738,3101052,2100201,1100034,2,1,1.0,1,Infinity,Infinity,,,,
0,9144119,4101334,3100254,2100035,1100006,7,4,4.0,4,Infinity,Infinity,,,0.3333333333333333,
1,9169652,4105447,3100934,2100181,1100005,2,14,14.0,14,Infinity,Infinity,,,0.4081632653061225,
2,9176745,4101845,3100351,2100058,1100010,2,3,3.0,3,Infinity,Infinity,,,0.05333333333333334,
3,9239035,4102128,3100392,2100064,1100011,2,21,21.0,21,Infinity,Infinity,,,0.0625,
4,9239035,4102068,3100385,2100064,1100011,2,16,16.0,16,Infinity,Infinity,,,0.05882352941176471,
0,9254254,4103811,3100961,2100186,1100017,2,36,36.0,36,Infinity,Infinity,,,0.05263157894736842,
1,9258496,4104054,3100714,2100122,1100020,2,15,15.0,15,Infinity,Infinity,,,0.08415841584158416,
2,9284917,4103094,3100559,2100093,1100017,3,18,18.0,18,Infinity,Infinity,,,0.050724637681159424,
3,9308453,4103689,3100651,2100108,1100019,4,10,10.0,10,Infinity,Infinity,,,0.06529209621993128,
4,9332338,4100020,3100003,2100000,1100000,2,23,23.0,23,Infinity,Infinity,,,0.13333333333333333,
0,9373228,4101839,3100350,2100058,1100010,2,1,1.0,1,Infinity,Infinity,,,0.035897435897435895,
1,9381340,4103430,3100616,2100099,1100019,2,1,1.0,1,Infinity,Infinity,,,0.19318181818181815,
2,9383932,4105742,3101056,2100202,1100035,2,1,1.0,1,Infinity,Infinity,,,0.2222222222222222,
3,9388065,4100804,3100164,2100017,1100003,2,4,4.0,4,Infinity,Infinity,,,0.25,
0,9395528,4100550,3100106,2100011,1100002,2,4,4.0,4,Infinity,Infinity,,,0.016,
1,9415158,4105738,3101052,2100201,1100034,2,1,1.0,1,Infinity,Infinity,,,,
2,9419255,4105738,3101052,2100201,1100034,2,1,1.0,1,Infinity,Infinity,,,,
3,9448759,4101363,3100259,2100035,1100006,2,1,1.0,1,Infinity,Infinity,,,0.5,
4,9458481,4103925,3100692,2100120,1100020,2,5,5.0,5,Infinity,Infinity,,,0.10344827586206896,
0,9481163,4101820,3100347,2100057,1100010,2,4,4.0,4,Infinity,Infinity,,,0.14285714285714285,
1,9494402,239030207,239030200,239030000,239000000,2,1,1.0,1,Infinity,Infinity,,,0.0243531202435312,
2,9517002,233020117,233020100,233020000,233000000,2,1,1.0,1,Infinity,Infinity,,,0.10606060606060606,
3,9565478,4105738,3101052,2100201,1100034,6,1,1.0,1,Infinity,Infinity,,,,
4,9566435,4101685,3100322,2100050,1100009,2,67,67.0,67,Infinity,Infinity,,,0.03759398496240601,
0,9580609,4102414,3100447,2100076,1100013,2,3,3.0,3,Infinity,Infinity,,,0.07142857142857142,
1,9600489,4103785,3100669,2100186,1100017,2,3,3.0,3,Infinity,Infinity,,,0.09032258064516127,
2,9615840,4105198,3100210,2100028,1100005,4,32,32.0,32,Infinity,Infinity,,,0.6153846153846154,
3,9668619,4102362,3100434,2100073,1100013,2,30,30.0,30,Infinity,Infinity,,,0.08333333333333333,
0,9675924,4105738,3101052,2100201,1100034,2,1,1.0,1,Infinity,Infinity,,,,
1,9721276,4100427,3100077,2100009,1100002,2,14,14.0,14,Infinity,Infinity,,,0.06451612903225806,
2,9729972,4101073,3100203,2100026,1100005,2,15,15.0,15,Infinity,Infinity,,,0.1702127659574468,
3,9753047,4102338,3100428,2100072,1100013,3,2,2.0,2,Infinity,Infinity,,,0.07975460122699386,
4,9753940,4102387,3100440,2100074,1100013,2,13,13.0,13,Infinity,Infinity,,,0.043478260869565216,
0,9785857,4101815,3100346,2100057,1100010,2,3,3.0,3,Infinity,Infinity,,,0.16666666666666666,
1,9796756,4105093,3100899,2100167,1100027,2,45,45.0,45,Infinity,Infinity,,,0.032786885245901634,
2,9819482,4101642,3100311,2100048,1100009,2,30,30.0,30,Infinity,Infinity,,,0.14925373134328354,
3,9853470,4101967,3100371,2100062,1100011,2,4,4.0,4,Infinity,Infinity,,,0.06666666666666668,
4,9903894,4104072,3100956,2100186,1100017,2,26,26.0,26,Infinity,Infinity,,,0.16,
0,9941354,4100235,3100040,2100006,1100001,2,1,1.0,1,Infinity,Infinity,,,0.08653846153846154,
1,9951430,4105738,3101052,2100201,1100034,2,1,1.0,1,Infinity,Infinity,,,,
2,9971943,4105738,3101052,2100201,1100034,2,1,1.0,1,Infinity,Infinity,,,,
3,9975237,4100628,3100125,2100012,1100002,2,20,20.0,20,Infinity,Infinity,,,0.05882352941176471,
